hypothesis_id,gene_id,indication_id,class,cns,secreted,drug_program_ids
1,375,167,blocking,0,1,576
2,220,86,blocking,0,0,294
3,275,257,blocking,0,0,821
4,313,78,aligned,0,1,916
5,183,339,blocking,0,0,457
6,207,131,blocking,0,0,294;334
7,216,147,blocking,1,0,618;655
9,60,113,blocking,0,0,1;423;456;941
10,223,276,blocking,0,0,114
11,359,44,aligned,1,1,997
13,224,332,blocking,0,0,611
15,94,190,blocking,0,1,17;246;408;465;697
16,84,341,blocking,0,0,17;408
17,42,165,blocking,0,0,78;377;749
18,224,371,blocking,1,0,611
20,60,297,blocking,0,0,456
21,33,195,blocking,1,0,462;611
22,78,432,aligned,0,1,111
23,167,76,blocking,0,0,822
25,82,443,blocking,0,0,697
27,94,339,blocking,0,1,131;246;284;408;430;465;539;749;777;822;996
28,187,55,blocking,0,0,148;150;359;636;691
29,28,488,blocking,0,0,8;821
30,284,491,blocking,0,0,165;462;938
32,123,408,aligned,0,1,91;93
33,188,39,aligned,0,1,799
37,167,276,blocking,0,0,114
38,374,295,aligned,0,1,659
39,239,332,blocking,0,1,184;342
43,334,327,blocking,0,0,134;186;224;616;906
44,169,412,blocking,0,1,931
45,281,177,blocking,0,0,284
46,212,241,blocking,0,1,282;715
47,163,82,blocking,0,0,457
48,339,442,blocking,0,0,349;471
50,367,112,blocking,0,0,791
52,169,332,blocking,0,1,10;393;686;747;931
53,26,9,blocking,0,0,493
55,178,333,blocking,0,0,822
57,94,193,blocking,0,1,66;246;298;311;408;430;539;697;749;822
59,216,296,blocking,1,0,331
60,313,190,aligned,0,1,916
61,216,358,blocking,1,0,331;589;618;655;808
63,354,17,blocking,0,0,280;284;507
64,223,103,blocking,0,0,237;828;870;998
65,128,112,aligned,0,1,880
67,187,343,blocking,1,0,501
68,147,120,aligned,0,1,164;426
69,86,199,blocking,0,0,430;623
70,207,198,blocking,0,0,294
71,50,295,blocking,0,0,294
72,207,103,blocking,0,0,334
73,298,310,aligned,0,1,535
74,94,184,blocking,0,1,246;298;408
75,119,199,blocking,0,0,796
76,47,33,blocking,0,0,468
77,283,263,aligned,0,1,37
81,208,356,blocking,1,0,115
84,275,350,blocking,0,0,821
86,112,86,blocking,0,1,9;84;117;407;432;445;527;550;653;774;865;932;952;960;972
88,112,261,blocking,0,1,865
89,210,393,blocking,0,0,859
91,334,22,blocking,0,0,371
93,348,294,blocking,0,1,78;246;408;570;777;822
94,216,380,blocking,1,0,36
95,345,445,blocking,0,0,131;298;311;430;777;806;944
97,359,236,aligned,0,1,997
98,82,453,blocking,0,0,17
101,28,112,blocking,0,0,821
102,379,256,blocking,0,0,905
103,154,86,blocking,0,0,45;574
104,267,62,blocking,0,0,78;869
106,289,432,blocking,0,0,1
107,71,49,aligned,1,1,511;810
108,300,377,aligned,0,1,590
109,242,291,blocking,0,0,227
110,220,450,blocking,0,0,294
113,98,455,blocking,0,0,978
114,220,123,blocking,0,0,294
115,84,322,blocking,0,0,408;539
118,361,17,blocking,0,0,381
119,136,445,blocking,0,0,308
120,264,445,blocking,0,0,502;622
121,167,235,blocking,0,0,408;822;996
126,348,131,blocking,0,1,17;78;131;246;290;298;539;570;679;777;822
128,16,86,blocking,0,1,373
129,42,334,blocking,0,0,430
131,239,492,blocking,0,1,342
132,84,60,blocking,0,0,430
133,50,420,blocking,0,0,294
135,220,390,blocking,0,0,294
136,348,42,blocking,0,1,78
138,207,457,blocking,0,0,294
140,214,294,blocking,0,0,777;791
141,356,158,blocking,0,0,294
142,70,318,blocking,0,0,46;759
145,187,177,blocking,0,0,148
146,64,375,blocking,0,1,841
147,42,435,blocking,0,0,408;749;822
149,60,463,blocking,0,0,456
150,86,160,blocking,0,0,298
153,345,184,blocking,0,0,225;298;623;944;965
156,224,407,blocking,1,0,611
158,42,453,blocking,0,0,17;246;290;777;818
160,345,209,blocking,1,0,965
162,281,402,blocking,0,0,284
163,362,9,blocking,0,0,404;778;908
165,122,190,blocking,0,0,166;195;368;383;492;566
166,228,339,blocking,0,0,284
168,216,74,blocking,0,0,485
169,356,327,blocking,0,0,294
170,300,186,aligned,0,1,594;731
173,94,224,blocking,0,1,17;246;290;777
174,327,154,blocking,0,0,51
175,87,217,blocking,0,1,284;777
176,188,186,aligned,0,1,799
177,275,292,blocking,0,0,821
178,178,111,blocking,0,0,78;408;777;822
179,334,312,blocking,0,0,802
180,345,121,blocking,0,0,749
181,334,186,blocking,0,0,161;224;490;501;616;953
182,367,82,blocking,0,0,791;869
183,191,365,blocking,0,0,964
184,94,105,blocking,0,1,822
186,16,484,blocking,0,1,373
188,187,349,blocking,1,0,161;359
189,28,146,blocking,0,0,821
190,334,187,blocking,0,0,82;365
192,264,192,blocking,0,0,622;675;763
194,60,341,blocking,0,0,456
195,54,332,blocking,0,0,611
196,334,238,blocking,1,0,149
197,84,443,blocking,0,0,679;697;777
199,163,17,blocking,0,0,311;430;777;944;965;975
201,100,275,blocking,0,0,674
202,194,360,blocking,0,0,272
203,70,262,blocking,0,0,46
204,22,432,aligned,0,1,357
205,321,30,blocking,0,0,284;951
206,187,491,blocking,0,0,636
207,348,165,blocking,0,1,78;749
208,122,165,blocking,0,0,166;368
212,84,486,blocking,0,0,408;777
213,310,186,aligned,0,1,470
215,128,357,aligned,1,1,810;880
217,334,36,blocking,0,0,161
218,334,168,blocking,0,0,954
219,28,322,blocking,0,0,821
220,220,199,blocking,0,0,209
221,313,17,aligned,0,1,916
222,28,199,blocking,0,0,821
223,50,262,blocking,0,0,334
225,122,262,blocking,0,0,166;195;368;383;492;566
226,84,222,blocking,0,0,408;539;697;749;777;838
227,169,91,blocking,0,1,230;393;686;747
228,240,398,blocking,0,1,604
229,289,76,blocking,0,0,456
230,29,121,blocking,0,0,237;870
231,207,223,blocking,0,0,294
234,100,76,blocking,0,0,674
235,71,254,aligned,0,1,810
240,384,222,blocking,0,1,377;845
242,89,388,aligned,0,1,801
243,169,79,blocking,0,1,230
244,87,177,blocking,0,1,284;777
245,264,357,blocking,1,0,544;622;675;763
246,220,120,blocking,0,0,294
248,50,198,blocking,0,0,294
249,207,420,blocking,0,0,294
251,212,192,blocking,0,1,282;951
252,212,294,blocking,0,1,282;356;951
253,40,262,blocking,0,0,284
254,359,128,aligned,0,1,997
255,28,68,blocking,0,0,821
256,34,137,aligned,0,1,41;583
258,26,194,blocking,1,0,493
259,334,150,blocking,0,0,616
261,128,81,aligned,0,1,880
262,289,394,blocking,0,0,941
264,275,169,blocking,0,0,8;821
266,178,273,blocking,0,0,78
267,354,121,blocking,0,0,284
268,239,86,blocking,0,1,342;665
269,283,182,aligned,0,1,677
270,334,349,blocking,1,0,161
271,187,62,blocking,0,0,636
272,384,268,blocking,0,1,107
273,207,5,blocking,0,0,294
274,305,199,blocking,0,0,284
275,112,377,aligned,0,1,335
276,162,35,blocking,1,1,20
277,264,112,blocking,0,0,622
279,178,49,blocking,1,0,749
280,114,15,aligned,0,1,511
283,187,27,blocking,0,0,161
285,296,39,aligned,0,1,688
286,348,333,blocking,0,1,822
289,207,485,blocking,0,0,294
290,367,194,blocking,1,0,869
292,354,339,blocking,0,0,284
293,144,131,blocking,0,0,334
294,84,121,blocking,0,0,749
295,158,233,blocking,0,0,185
296,187,384,blocking,1,0,148;501;636
297,86,294,blocking,0,0,623
299,82,192,blocking,0,0,408
300,251,423,aligned,1,1,397
301,73,422,blocking,0,0,791
303,82,193,blocking,0,0,408;697;822
304,297,159,blocking,1,0,1002
305,130,62,aligned,0,1,648
307,112,236,blocking,0,1,865
308,89,12,aligned,0,1,801
309,147,156,aligned,0,1,343
310,284,413,blocking,0,0,462
312,313,159,aligned,1,1,916
313,128,335,aligned,0,1,880
314,283,13,aligned,0,1,37
315,212,169,blocking,0,1,282;284;495;745
316,348,160,blocking,0,1,78;120;246;298;749;822
317,240,436,aligned,0,1,271
318,50,12,blocking,0,0,294
319,325,95,blocking,0,0,24;833
321,64,277,blocking,1,1,295
322,128,473,aligned,1,1,880;986
323,60,195,blocking,1,0,941
324,357,408,blocking,0,0,286;768
325,367,360,blocking,0,0,791;869
326,207,62,blocking,0,0,294
328,305,103,blocking,0,0,284
329,362,193,blocking,0,0,77
331,264,294,blocking,0,0,622;675
333,42,273,blocking,0,0,78;377
334,355,310,aligned,0,1,538
335,87,192,blocking,0,1,777
336,82,432,blocking,0,0,812
337,220,485,blocking,0,0,294
338,89,243,aligned,0,1,801
340,28,200,blocking,0,0,8
341,50,158,blocking,0,0,294
343,100,402,blocking,0,0,674
345,54,72,blocking,0,0,938
346,284,254,blocking,0,0,462
347,191,177,blocking,0,0,964
348,313,296,aligned,1,1,916
349,112,490,blocking,0,1,9;653;865
350,212,294,aligned,0,1,215
352,8,435,blocking,0,0,33;225;623;749
354,207,268,blocking,0,0,294
355,8,131,blocking,0,0,17;298;838;965
357,42,250,blocking,0,0,822
359,337,489,blocking,0,0,591
364,78,103,aligned,0,1,111
366,273,71,blocking,0,0,178
367,60,302,blocking,0,0,456
368,374,305,aligned,0,1,659
370,216,194,blocking,1,0,618;655
371,69,443,blocking,0,0,679
372,129,169,blocking,0,0,460
374,210,195,blocking,1,0,14;123;174;704;894
377,334,225,blocking,0,0,616
378,359,402,aligned,0,1,997
379,214,339,blocking,0,0,284;777
380,60,441,blocking,0,0,456
381,249,113,blocking,0,0,291;951
382,33,284,blocking,1,0,611
383,33,490,blocking,0,0,611
385,85,256,aligned,0,1,630;940
386,239,484,blocking,0,1,342
387,321,453,blocking,0,0,332;487
389,191,445,blocking,0,0,964
390,183,257,blocking,0,0,457
391,128,382,aligned,0,1,880
393,128,21,aligned,0,1,880
394,267,344,blocking,0,0,40;78;106;408;749;822
395,82,445,blocking,0,0,17;408;666;822
396,7,247,aligned,1,1,386
398,220,287,blocking,0,0,294
399,50,457,blocking,0,0,294
402,178,445,blocking,0,0,17;78;106;391;408;430;539;666;777;791;806;822;869
403,370,62,blocking,0,0,136
404,60,488,blocking,0,0,423
406,283,363,aligned,0,1,677
407,163,334,blocking,0,0,430
408,84,131,blocking,0,0,17;539;679;777;838
409,128,436,aligned,0,1,880
411,240,187,blocking,0,1,604
412,345,294,blocking,0,0,623;777;965
414,162,10,blocking,0,1,20;656
415,334,157,blocking,0,0,501
417,247,470,aligned,0,1,173
418,77,236,blocking,0,0,400
419,128,442,aligned,0,1,810
420,310,487,aligned,0,1,470
421,187,86,blocking,0,0,148;636
422,162,115,aligned,0,1,628
425,167,377,blocking,0,0,822
426,94,165,blocking,0,1,749
427,3,169,blocking,0,0,28
428,286,360,blocking,0,1,460
429,220,383,blocking,0,0,294
430,283,427,aligned,1,1,37
431,128,461,aligned,1,1,986
435,112,26,blocking,0,1,407
436,267,190,blocking,0,0,17;78;259;408;697;791
437,28,262,blocking,0,0,821
438,258,156,blocking,0,1,508
439,87,169,blocking,0,1,284
440,313,289,aligned,0,1,916
442,216,72,blocking,0,0,110
443,71,1,aligned,0,1,810
445,163,101,blocking,0,0,33;120;623;776;777;944;965
446,162,484,blocking,0,1,151;656
448,264,31,blocking,0,0,763
450,284,72,blocking,0,0,938
451,284,188,blocking,1,0,425;462
453,69,177,blocking,0,0,408;679;749
454,275,262,blocking,0,0,821
455,191,201,blocking,0,0,964
458,68,310,blocking,0,0,267
459,334,58,blocking,0,0,127
460,115,439,blocking,1,1,297
464,313,365,aligned,0,1,916
465,128,359,aligned,0,1,880
469,321,294,blocking,0,0,356;951
470,283,483,aligned,0,1,37;211;454;677;923
471,361,195,blocking,1,0,381
473,167,224,blocking,0,0,777
474,384,232,blocking,1,1,107
475,128,177,aligned,0,1,810;880
476,60,481,blocking,0,0,456;941
478,212,77,aligned,0,1,99;215
479,28,177,blocking,0,0,8;581;690;821
481,374,222,aligned,0,1,659
482,194,365,blocking,0,0,272
484,69,184,blocking,0,0,408
485,233,134,aligned,0,1,904
487,65,310,aligned,0,1,233
491,67,156,blocking,0,0,462
492,42,146,blocking,0,0,66;246;377;408;539;570;749;822
496,42,222,blocking,0,0,66;78;246;377;408;531;539;570;697;749;777;818;822
498,262,465,blocking,1,0,425
499,367,51,blocking,0,0,869
500,137,360,blocking,0,0,460
501,81,426,blocking,0,0,788
505,220,490,blocking,0,0,294
508,50,374,blocking,0,0,294
509,345,224,blocking,0,0,777
511,367,97,blocking,1,0,385;428;682
512,64,310,blocking,0,1,295
514,103,421,blocking,0,0,472
515,362,287,blocking,0,0,707
516,162,302,blocking,0,1,656
518,54,195,blocking,1,0,462;611
519,42,294,blocking,0,0,78;246;377;408;570;777;822
524,214,199,blocking,0,0,284;791
526,94,192,blocking,0,1,408;539;570;679;777
527,187,194,blocking,1,0,501;784
530,16,310,blocking,0,1,362;373;452
532,122,222,blocking,0,0,166;368;383;566;632
533,71,262,aligned,0,1,810
536,305,169,blocking,0,0,284
537,345,101,blocking,0,0,33;120;131;623;749;776;777;944;965
538,112,239,blocking,0,1,865
539,321,177,blocking,0,0,284;356;951
542,313,479,aligned,0,1,916
543,98,365,blocking,0,0,978
544,212,109,aligned,1,1,733
545,4,465,blocking,1,0,425
546,95,17,blocking,0,0,284
547,87,201,blocking,0,1,777
548,283,288,aligned,0,1,211
552,212,257,aligned,0,1,99;215;305;443
554,220,295,blocking,0,0,294
555,60,82,blocking,0,0,146;456;941
556,267,169,blocking,0,0,203;408;539;559;679;716;749;791;822;869;975
558,210,250,blocking,0,0,468
560,169,186,blocking,0,1,230
562,207,212,blocking,1,0,294
565,283,75,aligned,0,1,923
566,289,287,blocking,0,0,423
570,50,187,blocking,0,0,294
573,382,320,blocking,0,0,995
574,216,122,blocking,1,0,75;331
575,220,198,blocking,0,0,294
576,281,30,blocking,0,0,284
577,334,206,blocking,0,0,616
578,114,49,aligned,1,1,511
580,348,105,blocking,0,1,822
581,350,387,blocking,0,0,178
583,118,483,aligned,0,1,898
584,332,310,aligned,0,1,640
585,367,195,blocking,1,0,869
587,334,432,blocking,0,0,161
588,212,297,blocking,0,1,154;282;332;745
589,169,92,blocking,0,1,931
590,28,169,blocking,0,0,8;821
595,116,112,blocking,0,0,959
596,251,39,aligned,0,1,95;397;610;799
597,367,318,blocking,0,0,791;869
598,296,487,aligned,0,1,688
599,228,481,blocking,0,0,284
600,33,86,blocking,0,0,247;611;938
601,268,178,aligned,0,1,461
604,54,156,blocking,0,0,462
605,356,295,blocking,0,0,294
607,264,30,blocking,0,0,324;622;675
608,73,212,blocking,1,0,441
611,42,193,blocking,0,0,66;78;246;298;311;377;408;430;539;697;749;818;822
612,167,445,blocking,0,0,284;408;777;822
614,348,201,blocking,0,1,246;777;822
615,178,318,blocking,0,0,791;869
616,149,98,blocking,0,0,483
617,78,421,aligned,0,1,829
618,359,3,aligned,0,1,482;997
620,249,9,blocking,0,0,154
621,77,310,blocking,0,0,293
623,281,445,blocking,0,0,284
624,223,177,blocking,0,0,114;237;870
625,123,245,aligned,0,1,91;93
626,54,371,blocking,1,0,611
627,212,297,aligned,0,1,99;215
630,64,400,blocking,0,1,295
631,289,441,blocking,0,0,456
632,71,341,aligned,0,1,810
634,88,169,blocking,0,0,394;658
637,40,481,blocking,0,0,284
640,212,441,blocking,0,1,332
642,80,169,blocking,0,0,284
643,283,15,aligned,0,1,454;677;923
645,275,322,blocking,0,0,821
647,64,100,blocking,0,1,295
648,230,310,aligned,0,1,896
649,119,445,blocking,0,0,669
653,82,134,blocking,0,0,114
654,86,110,blocking,0,0,430
655,216,142,blocking,1,0,618;655
656,334,387,blocking,0,0,161
657,103,160,blocking,0,0,472
658,107,16,aligned,0,1,124
659,275,402,blocking,0,0,821
660,77,132,blocking,0,0,293
661,26,360,blocking,0,0,493
663,220,314,blocking,0,0,915
664,128,397,aligned,0,1,810;986
665,308,164,blocking,0,0,163
667,121,103,blocking,0,0,12
669,169,160,blocking,0,1,931
670,356,186,blocking,0,0,676
671,334,195,blocking,1,0,149;399
673,169,86,blocking,0,1,10;230;758;931
676,289,297,blocking,0,0,456
677,187,413,blocking,0,0,148;636;691
678,178,194,blocking,1,0,869
681,54,405,blocking,1,0,611
682,86,339,blocking,0,0,430;457
683,226,302,aligned,0,1,240
685,258,186,aligned,0,1,459
689,313,482,aligned,0,1,916
691,356,255,blocking,0,0,294
694,73,82,blocking,0,0,457;791
696,112,265,blocking,0,1,865
698,212,353,aligned,0,1,99
699,163,103,blocking,0,0,50;225;430;623;777;965;975
700,207,262,blocking,0,0,334
701,264,169,blocking,0,0,422;622;675
703,348,366,blocking,0,1,246
704,323,483,aligned,0,1,633
705,60,184,blocking,0,0,456
706,212,1,aligned,0,1,99;215;217
707,334,315,blocking,0,0,616
708,187,212,blocking,1,0,636
709,334,328,blocking,0,0,616
710,84,433,blocking,0,0,408;777
711,214,357,blocking,1,0,791
712,384,273,blocking,0,1,377
713,212,360,blocking,0,1,282
714,73,322,blocking,0,0,791
716,85,156,aligned,0,1,994
717,32,134,blocking,0,0,406
719,304,162,blocking,1,0,575
720,296,377,aligned,0,1,688
723,212,184,blocking,0,1,282;332
725,216,371,blocking,1,0,655
727,345,433,blocking,0,0,131;777
728,128,199,aligned,0,1,810;880
730,50,259,blocking,0,0,294
731,224,411,blocking,1,0,611
732,328,432,aligned,0,1,586;761
733,82,68,blocking,0,0,812
734,367,352,blocking,1,0,791
735,86,222,blocking,0,0,33
736,94,422,blocking,0,1,679
737,68,103,blocking,0,0,267;516
738,356,199,blocking,0,0,209
739,224,195,blocking,1,0,611
740,183,445,blocking,0,0,791
741,116,402,blocking,0,0,959
742,345,212,blocking,1,0,441;749;777
746,267,387,blocking,0,0,869
747,30,310,blocking,0,0,899
751,163,177,blocking,0,0,50;623;777;965;975
752,262,188,blocking,1,0,425
754,56,113,blocking,0,0,444
755,348,334,blocking,0,1,430
757,8,186,blocking,0,0,838
759,258,262,blocking,0,1,334
760,42,344,blocking,0,0,78;106;246;284;377;408;570;749;822
761,3,39,blocking,0,0,113;798
762,210,420,blocking,0,0,468
763,163,192,blocking,0,0,777
764,165,103,blocking,0,0,418;500
765,212,18,blocking,0,1,101;593
768,8,339,blocking,0,0,430;457;749;838
769,60,111,blocking,0,0,456;941
771,297,427,blocking,1,0,1002
774,264,402,blocking,0,0,324;544;622;652;675;851
776,183,350,blocking,0,0,791
777,383,169,blocking,0,0,603
778,128,360,aligned,0,1,810;880
779,212,177,blocking,0,1,101;282;284;356;951
780,220,185,blocking,0,0,294
782,100,111,blocking,0,0,674
784,50,131,blocking,0,0,294;334
787,334,134,blocking,0,0,224;490;616
789,147,103,aligned,0,1,164;505;814
794,84,193,blocking,0,0,408;430;539;697;749
795,251,177,aligned,0,1,610
796,121,360,blocking,0,0,559
798,33,139,blocking,0,0,611
799,81,238,blocking,1,0,788
804,348,193,blocking,0,1,66;78;246;298;311;408;430;539;697;749;822
806,40,169,blocking,0,0,284
808,356,437,blocking,0,0,294
809,94,366,blocking,0,1,246
810,69,341,blocking,0,0,408
812,275,21,blocking,0,0,821
813,50,199,blocking,0,0,209
815,122,131,blocking,0,0,166;368;383;566
816,94,17,blocking,0,1,17;66;106;131;246;284;290;311;408;430;539;570;666;679;697;777;822;975
818,281,344,blocking,0,0,284
819,112,6,blocking,0,1,407;952
821,339,445,blocking,0,0,349
822,128,1,aligned,0,1,810;880
823,350,333,blocking,0,0,178
827,47,388,blocking,0,0,468
828,33,491,blocking,0,0,165;247;296;462;938
829,356,374,blocking,0,0,294
830,289,299,blocking,0,0,423;941
831,321,193,blocking,0,0,332;487
832,50,120,blocking,0,0,294
833,178,481,blocking,0,0,17;78;391;408;697;749;777;822;869
834,233,459,aligned,0,1,904
835,69,212,blocking,1,0,408;666;749
838,98,384,blocking,1,0,978
842,178,315,blocking,0,0,869
843,384,190,blocking,0,1,107;377
844,178,146,blocking,0,0,408;539;749;822;869
848,191,17,blocking,0,0,325
850,33,5,blocking,0,0,462
851,194,103,blocking,0,0,272
852,359,326,aligned,0,1,997
853,95,344,blocking,0,0,284
855,334,151,blocking,0,0,161
856,313,403,aligned,0,1,916
857,384,294,blocking,0,1,107;377;595
858,313,90,aligned,0,1,916
859,212,30,aligned,0,1,215
860,267,95,blocking,0,0,838;869
861,100,8,blocking,0,0,674
862,191,157,blocking,0,0,925
863,281,481,blocking,0,0,284
865,321,82,blocking,0,0,284;332
866,264,103,blocking,0,0,324;544;622;652;675;763;851
867,348,112,blocking,0,1,78;408
868,297,103,blocking,0,0,1002
869,167,333,blocking,0,0,822
874,321,111,blocking,0,0,280;356;951
875,71,442,aligned,0,1,810
877,220,53,blocking,0,0,294
878,284,116,blocking,0,0,462
879,163,114,blocking,0,0,430;457
880,348,433,blocking,0,1,78;131;290;408;777
881,60,443,blocking,0,0,456
883,184,327,aligned,0,1,994
888,212,93,aligned,0,1,99;175;215;217;305;435
890,28,222,blocking,0,0,821
892,42,366,blocking,0,0,246
893,178,198,blocking,0,0,869
894,64,236,blocking,0,1,295
896,50,53,blocking,0,0,294
897,207,110,blocking,0,0,294
898,54,284,blocking,1,0,611
899,212,131,blocking,0,1,101;154;282;306;332;745;766;951
900,348,111,blocking,0,1,78;246;298;408;777;822
901,356,390,blocking,0,0,294
904,47,95,blocking,0,0,468
905,249,192,blocking,0,0,951
906,214,481,blocking,0,0,284;777
907,313,310,aligned,0,1,916
909,129,360,blocking,0,0,460
910,384,17,blocking,0,1,107;377;552;595;693
911,3,229,blocking,0,0,798
912,289,177,blocking,0,0,1;423;456;500
914,345,297,blocking,0,0,430;457;965
917,267,134,blocking,0,0,838
918,323,310,aligned,0,1,449;568
919,359,488,aligned,0,1,997
920,123,71,aligned,0,1,93
921,345,262,blocking,0,0,120;131;225;430;749
922,247,103,aligned,0,1,897
923,289,361,blocking,0,0,456
925,281,82,blocking,0,0,284
926,119,262,blocking,0,0,669
927,50,3,blocking,0,0,294
928,94,103,blocking,0,1,17;131;246;284;290;408;430;520;529;539;570;666;679;697;749;777;822;921;975;996
929,212,22,aligned,0,1,99
930,103,476,blocking,0,0,472
931,178,134,blocking,0,0,838
934,359,199,aligned,0,1,997
937,187,238,blocking,1,0,149
938,384,370,blocking,1,1,377
939,240,196,blocking,0,1,699
940,82,212,blocking,1,0,408;666
942,374,351,aligned,0,1,659
943,297,176,blocking,0,0,1002
944,356,253,blocking,0,0,294
945,29,134,blocking,0,0,114
948,345,222,blocking,0,0,33;749;777
953,42,257,blocking,0,0,78;290;298;408;457;570;777;822
954,228,17,blocking,0,0,284
955,90,241,blocking,0,0,24
956,334,484,blocking,0,0,161;501
958,349,420,aligned,0,1,453
959,348,110,blocking,0,1,430;749
960,216,410,blocking,1,0,618
961,297,64,blocking,0,0,1002
963,348,402,blocking,0,1,17;74;78;106;120;131;246;284;311;408;430;520;539;666;679;697;749;777;822;921;996
964,338,195,aligned,1,1,5;351
965,212,344,blocking,0,1,284
967,313,380,aligned,1,1,916
968,207,428,blocking,0,0,294
969,118,80,aligned,0,1,898
972,42,481,blocking,0,0,17;78;246;284;290;298;377;391;408;697;749;777;818;822
974,289,77,blocking,0,0,941
976,26,444,blocking,1,0,493
977,122,339,blocking,0,0,166;195;368;383;492;566
978,84,294,blocking,0,0,408;777
979,220,103,blocking,0,0,209
980,94,322,blocking,0,1,408;539;822
982,356,490,blocking,0,0,294
983,247,77,aligned,0,1,897
984,267,191,blocking,0,0,637
986,169,259,blocking,0,1,10;62;69;230;393;747;793;918;931
987,65,209,aligned,1,1,901
988,345,165,blocking,0,0,749
990,89,156,aligned,0,1,801
991,289,113,blocking,0,0,1;423;456;941
995,67,359,blocking,0,0,462
996,167,486,blocking,0,0,408;777;822
997,180,451,blocking,1,1,331
999,220,420,blocking,0,0,294
1000,3,103,blocking,0,0,798
1002,305,481,blocking,0,0,284
1003,212,9,blocking,0,1,101;154;282;332;745
1004,22,360,aligned,0,1,357
1007,240,12,blocking,0,1,699
1008,70,276,blocking,0,0,46
1009,77,177,blocking,0,0,254
1012,354,481,blocking,0,0,284;507
1013,26,114,blocking,0,0,493
1014,369,423,aligned,1,1,482
1016,116,262,blocking,0,0,12
1018,305,402,blocking,0,0,284
1020,8,209,blocking,1,0,965
1021,82,190,blocking,0,0,17;259;408;697
1022,297,10,blocking,0,0,1002
1026,267,357,blocking,1,0,408;539;791;822
1028,264,9,blocking,0,0,544;622;763
1029,267,318,blocking,0,0,791;869
1030,81,222,blocking,0,0,788
1031,249,77,blocking,0,0,951
1032,220,381,blocking,0,0,294
1033,86,131,blocking,0,0,298
1034,349,186,aligned,0,1,453
1037,210,177,blocking,0,0,283
1038,283,354,aligned,0,1,37
1039,189,17,aligned,0,1,446
1041,29,294,blocking,0,0,237;870
1042,334,26,blocking,0,0,501
1043,212,435,aligned,0,1,215
1044,384,402,blocking,0,1,107;377;520;552;595
1046,199,339,aligned,0,1,601
1047,162,376,blocking,0,1,25;151;656
1048,101,86,blocking,0,1,909
1049,384,121,blocking,0,1,107;377
1051,98,162,blocking,1,0,978
1053,82,199,blocking,0,0,17;40;114;408;637;812;822
1055,82,262,blocking,0,0,408;534;697;822
1056,210,322,blocking,0,0,68;123;283;704;772;859
1057,42,192,blocking,0,0,78;377;408;539;570;679;777
1058,289,111,blocking,0,0,456;941
1059,321,435,blocking,0,0,332
1060,71,402,aligned,0,1,810
1061,163,199,blocking,0,0,430;623
1064,64,435,blocking,0,1,295
1065,297,86,blocking,0,0,1002
1066,128,49,blocking,1,1,780
1067,147,86,aligned,0,1,164;814
1071,289,415,blocking,0,0,423
1073,112,369,blocking,0,1,865
1075,309,463,aligned,0,1,920
1076,60,226,blocking,0,0,1;146;423
1080,313,490,aligned,0,1,916
1081,273,391,blocking,0,0,178
1083,82,377,blocking,0,0,822
1085,178,449,blocking,1,0,408
1086,384,17,aligned,0,1,175;361;606
1091,314,465,blocking,1,0,425
1093,178,162,blocking,1,0,869
1094,163,293,blocking,0,0,430
1096,123,86,aligned,0,1,93
1098,264,131,blocking,0,0,324;544;622;652;675
1099,220,158,blocking,0,0,294
1100,8,344,blocking,0,0,749
1102,304,424,blocking,1,0,575
1106,337,421,blocking,0,0,474;591
1109,28,350,blocking,0,0,821
1110,86,169,blocking,0,0,430;975
1112,359,222,aligned,0,1,599;997
1114,34,245,aligned,0,1,41;583
1115,210,70,blocking,1,0,859
1117,187,103,blocking,0,0,148;636
1118,8,341,blocking,0,0,17
1122,356,97,blocking,1,0,294
1124,326,103,blocking,0,0,279;438
1126,289,444,blocking,1,0,456
1128,58,483,aligned,0,1,143
1129,367,422,blocking,0,0,791
1130,224,41,blocking,1,0,611
1131,321,190,blocking,0,0,154;332;766
1132,128,480,aligned,0,1,810;986
1135,289,165,blocking,0,0,423;456
1136,283,47,aligned,0,1,923
1137,100,112,blocking,0,0,674
1139,163,294,blocking,0,0,623;777;965
1141,50,390,blocking,0,0,294
1142,54,86,blocking,0,0,611;938
1143,183,192,blocking,0,0,791
1144,210,191,blocking,0,0,283
1145,94,177,blocking,0,1,17;66;246;284;408;570;679;749;777;822;975
1146,16,400,aligned,0,1,463
1147,64,4,blocking,0,1,295
1148,240,310,aligned,0,1,271
1149,210,95,blocking,0,0,468;695
1150,167,193,blocking,0,0,408;822
1151,147,377,aligned,0,1,814
1155,8,49,blocking,1,0,749
1156,334,485,blocking,0,0,954
1157,84,422,blocking,0,0,679
1158,18,12,blocking,0,1,434
1159,360,310,blocking,0,0,909
1160,8,334,blocking,0,0,430
1163,54,356,blocking,1,0,611
1164,46,383,blocking,0,0,227
1165,81,131,blocking,0,0,788
1169,94,341,blocking,0,1,17;131;246;284;408;570;822
1170,214,262,blocking,0,0,284;791
1171,384,184,blocking,0,1,377
1172,103,359,blocking,0,0,472
1175,356,187,blocking,0,0,294
1176,82,169,blocking,0,0,114;255;408;495;559;716;812;822;949;975
1178,187,17,blocking,0,0,148
1179,112,377,blocking,0,1,9;653;865
1180,54,73,blocking,1,0,462
1181,178,231,blocking,0,0,869
1182,28,445,blocking,0,0,821
1183,213,156,blocking,0,0,24
1184,8,310,blocking,0,0,838
1186,210,377,blocking,0,0,468
1187,16,305,blocking,0,1,362;373;452
1188,223,370,blocking,1,0,870
1189,82,76,blocking,0,0,822
1190,207,484,blocking,0,0,294
1192,103,6,blocking,0,0,62
1195,165,177,blocking,0,0,418;500
1197,212,111,blocking,0,1,280;282;356;621;715;745;951
1198,69,257,blocking,0,0,408
1199,69,49,blocking,1,0,749
1200,348,222,blocking,0,1,66;78;246;408;539;570;697;749;777;822
1201,187,404,blocking,0,0,161
1203,33,377,blocking,0,0,462
1204,100,17,blocking,0,0,674;834
1205,187,154,blocking,0,0,148;161
1207,80,199,blocking,0,0,284
1208,40,445,blocking,0,0,284
1210,128,346,aligned,1,1,986
1213,24,169,blocking,0,0,460
1214,313,192,aligned,0,1,916
1216,94,160,blocking,0,1,120;246;298;749;822
1217,100,481,blocking,0,0,674
1218,321,103,blocking,0,0,154;280;284;291;332;356;487;507;756;766;921;942;951
1219,348,199,blocking,0,1,17;66;78;106;284;288;408;430;539;570;679;749;822
1221,267,262,blocking,0,0,78;408;534;539;697;749;791;822;869
1223,375,423,blocking,1,1,576
1224,275,146,blocking,0,0,821
1225,191,190,blocking,0,0,964
1226,8,134,blocking,0,0,838
1227,214,470,blocking,0,0,791
1228,296,112,aligned,0,1,439
1229,321,165,blocking,0,0,332
1230,60,193,blocking,0,0,146;456
1232,163,402,blocking,0,0,50;120;225;311;430;777;944;965
1234,267,177,blocking,0,0,17;66;408;679;749;777;791;822;838;975
1235,169,359,blocking,0,1,59;230;393;747;931
1236,100,121,blocking,0,0,674
1239,224,97,blocking,1,0,611
1241,361,8,blocking,0,0,381
1242,367,131,blocking,0,0,317;385;791
1243,212,17,blocking,0,1,280;282;284;332;390;507;745;766;951
1246,94,377,blocking,0,1,822
1247,212,433,aligned,0,1,99;215;824
1248,163,212,blocking,1,0,441;777
1250,352,181,aligned,1,1,725
1252,94,30,blocking,0,1,246;284;822
1253,128,18,aligned,0,1,810
1256,55,132,blocking,0,0,474
1258,298,25,aligned,0,1,535
1259,77,294,blocking,0,0,254
1261,334,358,blocking,1,0,224
1264,169,87,blocking,1,1,747
1265,275,193,blocking,0,0,821
1267,23,360,blocking,0,0,460
1268,374,42,aligned,0,1,659
1269,77,192,blocking,0,0,254
1270,69,235,blocking,0,0,408;679;749
1271,249,190,blocking,0,0,154
1272,267,235,blocking,0,0,78;408;679;749;822;996
1273,167,112,blocking,0,0,408
1276,220,255,blocking,0,0,294
1278,122,433,blocking,0,0,566
1279,367,444,blocking,1,0,791
1282,234,16,aligned,0,1,124
1284,55,245,blocking,0,0,591
1285,321,77,blocking,0,0,332;951
1287,60,103,blocking,0,0,146;456;500
1288,228,121,blocking,0,0,284
1289,167,350,blocking,0,0,408;822
1292,56,360,blocking,0,0,444
1295,289,384,blocking,1,0,941
1296,29,370,blocking,1,0,870
1298,75,71,blocking,0,0,178
1299,359,476,aligned,0,1,997
1302,28,191,blocking,0,0,119;821
1303,321,481,blocking,0,0,154;284;332;356;487;507;683;766;951
1304,228,262,blocking,0,0,284
1305,50,463,blocking,0,0,294
1307,343,476,blocking,0,0,988
1308,33,371,blocking,1,0,611
1310,217,169,blocking,0,0,460
1311,328,212,aligned,1,1,122;761;854
1312,50,383,blocking,0,0,294
1314,207,187,blocking,0,0,294
1315,264,177,blocking,0,0,544;622;675
1316,361,463,blocking,0,0,381
1317,128,322,aligned,0,1,880
1318,228,103,blocking,0,0,284
1319,94,443,blocking,0,1,290;679;697;777
1320,187,186,blocking,0,0,161;501
1321,345,110,blocking,0,0,430;749
1322,103,338,blocking,0,0,472
1324,210,68,blocking,0,0,123;283;704;772;859
1325,128,296,aligned,1,1,880
1327,79,169,blocking,0,0,284
1329,26,407,blocking,1,0,493
1330,331,432,blocking,0,0,182;447;530;855;961
1331,214,201,blocking,0,0,777
1337,282,97,blocking,1,0,605
1338,34,86,aligned,0,1,583
1339,54,188,blocking,1,0,425;462;611
1340,163,257,blocking,0,0,298;457;777
1341,283,377,aligned,0,1,37;454;923
1342,352,356,aligned,1,1,386;556;725
1343,42,360,blocking,0,0,408;539;559;570;679;822
1344,128,273,aligned,0,1,880
1345,187,164,blocking,0,0,636
1346,2,205,blocking,0,1,841
1347,89,283,aligned,0,1,801
1349,59,82,blocking,0,0,587
1350,82,433,blocking,0,0,408
1351,292,167,aligned,0,1,820
1353,367,453,blocking,0,0,869
1354,162,333,blocking,0,1,20
1359,69,199,blocking,0,0,408;637;679;749
1360,128,86,aligned,0,1,880
1361,86,481,blocking,0,0,33;298;944
1362,28,151,blocking,0,0,821
1363,40,339,blocking,0,0,284
1364,71,169,aligned,0,1,810
1366,191,195,blocking,1,0,925;964
1369,247,131,aligned,0,1,897
1370,33,188,blocking,1,0,425;462;611
1371,64,475,blocking,0,1,295
1372,313,421,aligned,0,1,916
1373,275,151,blocking,0,0,821
1374,216,423,blocking,1,0,36;198;638;657
1377,267,341,blocking,0,0,17;78;408;822
1379,289,294,blocking,0,0,1;22;423;456;500
1380,128,441,aligned,0,1,880
1381,191,93,blocking,0,0,964
1382,380,104,blocking,0,0,65
1383,212,121,blocking,0,1,284
1387,284,193,blocking,0,0,938
1390,60,165,blocking,0,0,423;456
1391,356,457,blocking,0,0,294
1392,84,134,blocking,0,0,838
1394,13,387,blocking,0,0,178
1395,8,169,blocking,0,0,430;749;975
1397,20,199,blocking,0,0,209
1398,183,177,blocking,0,0,791
1399,79,445,blocking,0,0,284
1401,334,159,blocking,1,0,149
1402,84,357,blocking,1,0,408;539
1404,162,259,blocking,0,1,20;151
1405,29,276,blocking,0,0,114
1406,212,339,blocking,0,1,282;284;332;745
1407,191,402,blocking,0,0,325;403;847;925;964
1409,325,241,blocking,0,0,24
1410,128,76,aligned,0,1,880
1412,334,253,blocking,0,0,616
1413,122,177,blocking,0,0,166;195;368;383
1415,366,164,blocking,0,0,157
1416,178,114,blocking,0,0,430;457
1417,304,181,blocking,1,0,575
1418,283,324,aligned,0,1,923
1419,42,486,blocking,0,0,246;408;777;822
1420,122,481,blocking,0,0,166;195;368;492
1421,220,231,blocking,0,0,294
1422,86,93,blocking,0,0,225
1424,178,95,blocking,0,0,838;869
1426,8,294,blocking,0,0,623;965
1427,118,206,aligned,0,1,898
1428,367,147,blocking,1,0,44;385
1429,354,177,blocking,0,0,284
1430,69,9,blocking,0,0,259;408;749
1434,50,123,blocking,0,0,294
1435,8,110,blocking,0,0,430;749
1436,95,103,blocking,0,0,284
1437,328,256,aligned,0,1,984
1438,128,153,blocking,0,1,780
1439,60,399,blocking,0,0,22
1440,248,445,blocking,0,0,669
1442,178,387,blocking,0,0,869
1444,75,387,blocking,0,0,178;912
1445,289,433,blocking,0,0,456
1447,87,224,blocking,0,1,777
1450,289,107,blocking,0,0,941
1452,122,103,blocking,0,0,166;195;368;383;566
1453,354,65,blocking,0,0,280
1456,289,193,blocking,0,0,146;456
1458,87,17,blocking,0,1,284;777
1459,313,221,aligned,1,1,916
1461,331,164,blocking,0,0,961
1462,60,9,blocking,0,0,423;456
1463,20,131,blocking,0,0,334
1464,208,190,blocking,0,0,988
1465,79,177,blocking,0,0,284
1466,283,439,aligned,1,1,923
1467,60,318,blocking,0,0,941
1468,289,318,blocking,0,0,941
1469,169,442,blocking,0,1,230;393;686;918
1472,33,407,blocking,1,0,611
1477,207,13,blocking,0,0,294
1478,123,141,aligned,0,1,91
1479,327,310,blocking,0,0,51
1481,54,377,blocking,0,0,462
1484,42,297,blocking,0,0,17;78;246;290;377;408;430;457;539;570;697;818
1485,169,384,blocking,1,1,230;393;686;918
1486,367,421,blocking,0,0,791
1487,169,198,blocking,0,1,747
1488,348,212,blocking,1,1,408;570;666;749;777
1489,374,177,aligned,0,1,659
1490,337,26,blocking,0,0,591
1491,48,420,aligned,0,1,238
1492,366,72,blocking,0,0,157
1493,281,199,blocking,0,0,284
1494,172,481,blocking,0,0,907
1495,95,481,blocking,0,0,284
1498,183,199,blocking,0,0,791
1500,283,438,aligned,0,1,37;923
1501,283,43,aligned,0,1,677
1502,163,193,blocking,0,0,298;311;430
1503,144,314,blocking,0,0,915
1506,122,31,blocking,0,0,368;492
1508,50,185,blocking,0,0,294
1509,167,370,blocking,1,0,21;398
1510,300,167,aligned,0,1,590
1511,345,103,blocking,0,0,50;131;225;430;623;749;777;965;975
1514,42,76,blocking,0,0,78;246;749;818;822
1515,356,450,blocking,0,0,294
1516,69,110,blocking,0,0,749
1517,69,339,blocking,0,0,408;749
1521,184,156,aligned,0,1,994
1522,212,192,aligned,0,1,99;215
1524,128,416,aligned,0,1,986
1526,33,386,blocking,1,0,296;462
1529,82,357,blocking,1,0,408;822
1530,289,199,blocking,0,0,146;456
1531,313,179,aligned,0,1,916
1532,100,222,blocking,0,0,674
1533,286,169,blocking,0,1,460
1534,220,13,blocking,0,0,294
1535,112,476,blocking,0,1,653;865
1537,212,30,blocking,0,1,284;951
1540,33,401,blocking,1,0,611
1542,84,435,blocking,0,0,408;749
1543,40,121,blocking,0,0,284
1544,356,485,blocking,0,0,294
1545,338,483,aligned,0,1,85;351;930
1546,118,256,aligned,0,1,898
1547,69,169,blocking,0,0,408;662;679;716;749
1550,252,296,blocking,1,0,415
1553,78,177,aligned,0,1,111
1554,162,376,aligned,0,1,628
1555,284,359,blocking,0,0,462
1557,212,262,blocking,0,1,282;284;332;745
1558,228,402,blocking,0,0,284
1559,79,481,blocking,0,0,284
1561,321,441,blocking,0,0,332
1564,112,241,blocking,0,1,865
1565,116,103,blocking,0,0,12;959
1566,366,310,blocking,0,0,157
1568,33,448,blocking,0,0,611
1569,356,5,blocking,0,0,294
1570,50,381,blocking,0,0,294
1571,212,458,blocking,0,1,745
1572,60,445,blocking,0,0,456
1573,269,360,blocking,0,0,732
1574,224,490,blocking,0,0,611
1575,367,357,blocking,1,0,791
1576,220,97,blocking,1,0,294
1578,50,5,blocking,0,0,294
1579,33,417,blocking,1,0,611
1580,344,327,aligned,0,1,168
1581,223,169,blocking,0,0,114
1582,169,266,blocking,0,1,747
1583,85,420,aligned,0,1,630
1584,94,235,blocking,0,1,131;408;430;570;679;749;822;996
1586,42,177,blocking,0,0,17;66;246;284;377;408;570;679;749;777;822;975
1587,334,86,blocking,0,0,224;371
1589,112,132,blocking,0,1,9;932
1590,26,191,blocking,0,0,493
1592,116,134,blocking,0,0,720
1593,223,294,blocking,0,0,237;870
1595,112,384,blocking,1,1,865
1597,82,318,blocking,0,0,114;812;844
1599,228,30,blocking,0,0,284
1600,84,293,blocking,0,0,430
1601,85,134,aligned,0,1,630
1608,321,222,blocking,0,0,332
1609,283,360,aligned,0,1,37;923
1610,258,199,blocking,0,1,209
1611,85,327,aligned,0,1,630;994
1613,112,310,blocking,0,1,407;865
1615,224,12,blocking,0,0,611
1616,216,267,blocking,0,0,36
1617,60,415,blocking,0,0,423
1620,8,224,blocking,0,0,17
1623,42,103,blocking,0,0,17;78;131;156;246;284;290;377;408;430;516;520;529;539;570;666;679;697;749;777;818;822;921;975;996
1624,60,209,blocking,1,0,500
1625,264,82,blocking,0,0,544;622;652;675
1626,128,435,aligned,0,1,880
1627,264,17,blocking,0,0,324;422;544;622;675;763
1628,122,357,blocking,1,0,166;368
1633,23,169,blocking,0,0,460
1634,191,287,blocking,0,0,964
1635,80,481,blocking,0,0,284
1636,210,222,blocking,0,0,283
1637,60,294,blocking,0,0,1;22;423;456;500
1638,384,344,blocking,0,1,107;377
1639,3,313,blocking,0,0,57
1640,79,103,blocking,0,0,284
1641,196,263,blocking,0,0,598
1642,42,449,blocking,1,0,408
1643,167,201,blocking,0,0,777;822
1645,4,188,blocking,1,0,425
1647,79,262,blocking,0,0,284
1651,87,294,blocking,0,1,777
1652,249,121,blocking,0,0,284
1653,313,418,aligned,0,1,916
1654,95,169,blocking,0,0,284
1655,244,463,aligned,0,1,396;526;600;790
1657,3,33,blocking,0,0,977
1658,338,183,aligned,0,1,351;930
1659,121,262,blocking,0,0,12
1660,228,82,blocking,0,0,284
1661,187,418,blocking,0,0,636
1662,16,436,blocking,0,1,362
1664,178,192,blocking,0,0,78;408;539;679;777;791
1665,187,387,blocking,0,0,161
1667,325,327,blocking,0,0,24
1668,305,445,blocking,0,0,284
1670,116,287,blocking,0,0,959
1671,69,360,blocking,0,0,408;679;716
1672,54,491,blocking,0,0,165;462;938
1673,210,423,blocking,1,0,174
1675,345,93,blocking,0,0,225
1676,16,376,blocking,0,1,202;373;452;479
1678,112,50,blocking,0,1,952
1682,73,318,blocking,0,0,791
1683,149,188,blocking,1,0,425
1684,345,334,blocking,0,0,430
1686,84,257,blocking,0,0,408;457;777
1687,26,371,blocking,1,0,493
1688,334,436,blocking,0,0,161
1689,42,445,blocking,0,0,17;78;106;131;246;284;290;298;311;377;391;408;430;539;570;666;777;806;818;822
1691,128,254,aligned,0,1,810
1692,345,60,blocking,0,0,430
1698,348,235,blocking,0,1,78;131;408;430;570;679;749;822;996
1699,210,256,blocking,0,0,468
1701,367,315,blocking,0,0,869
1704,268,9,aligned,0,1,902
1705,289,9,blocking,0,0,423;456
1706,73,262,blocking,0,0,791
1707,269,432,blocking,0,0,732
1708,356,223,blocking,0,0,294
1709,8,60,blocking,0,0,430
1710,8,103,blocking,0,0,17;50;225;430;623;749;965;975
1711,187,69,blocking,0,0,636
1713,284,295,blocking,0,0,827
1714,64,44,blocking,1,1,295
1715,178,102,blocking,0,0,679
1716,289,488,blocking,0,0,423
1717,321,113,blocking,0,0,291;951;985
1718,345,193,blocking,0,0,298;311;430;749
1719,167,199,blocking,0,0,114;284;408;822
1722,283,222,aligned,0,1,37
1723,220,310,blocking,0,0,294
1728,348,93,blocking,0,1,78;246;570;822
1730,288,169,blocking,0,0,460
1731,348,217,blocking,0,1,246;284;408;570;777;822
1732,220,457,blocking,0,0,294
1733,60,177,blocking,0,0,1;423;456;500
1734,178,294,blocking,0,0,78;408;777;791;822;869
1735,306,310,blocking,0,0,304
1736,345,169,blocking,0,0,430;749;975
1740,283,103,aligned,0,1,37
1741,345,486,blocking,0,0,777
1742,289,30,blocking,0,0,456
1743,384,445,aligned,0,1,175
1744,359,444,aligned,1,1,997
1745,178,297,blocking,0,0,17;78;408;430;457;539;697
1746,178,193,blocking,0,0,78;408;430;539;697;749;822
1747,60,129,blocking,1,0,146
1748,345,257,blocking,0,0,298;457;777
1749,367,402,blocking,0,0,44;317;385;791;869
1750,359,479,aligned,0,1,997
1751,84,190,blocking,0,0,17;408;697
1754,214,443,blocking,0,0,777
1755,59,294,blocking,0,0,863
1757,50,231,blocking,0,0,294
1758,305,17,blocking,0,0,284
1759,178,222,blocking,0,0,78;408;539;697;749;777;791;822;838;869
1762,264,199,blocking,0,0,675
1764,344,186,aligned,0,1,168
1765,69,435,blocking,0,0,408;749
1768,16,16,blocking,0,1,362;373;452
1769,29,318,blocking,0,0,114
1771,187,37,blocking,0,0,161
1774,359,82,aligned,0,1,997
1775,60,394,blocking,0,0,941
1776,305,339,blocking,0,0,284
1777,54,5,blocking,0,0,462
1778,359,483,aligned,0,1,599;997
1779,210,283,blocking,0,0,283
1780,67,188,blocking,1,0,425;462
1781,84,146,blocking,0,0,408;539;749
1782,356,110,blocking,0,0,294
1783,178,76,blocking,0,0,78;749;822
1784,82,201,blocking,0,0,822
1785,212,445,aligned,0,1,99;175;217;824
1786,8,111,blocking,0,0,298;623;944
1787,18,134,blocking,0,1,434
1788,275,445,blocking,0,0,821
1789,3,271,blocking,0,0,57
1790,42,111,blocking,0,0,78;246;298;408;777;818;822
1797,357,431,blocking,0,0,286;316
1799,94,82,blocking,0,1,131;246;284;290;408;697;749;822
1801,267,360,blocking,0,0,408;539;559;679;716;822;869
1802,343,190,blocking,0,0,988
1803,313,278,aligned,0,1,916
1804,256,391,blocking,0,0,178
1805,42,134,blocking,0,0,968
1806,84,201,blocking,0,0,777
1807,328,198,aligned,0,1,586;984
1808,65,131,aligned,0,1,233
1809,281,339,blocking,0,0,284
1810,64,432,blocking,0,1,295
1814,187,7,blocking,1,0,636
1817,337,490,blocking,0,0,591
1818,189,49,aligned,1,1,318
1822,58,488,aligned,0,1,143
1823,54,193,blocking,0,0,938
1824,326,339,blocking,0,0,279
1825,87,445,blocking,0,1,284;777
1828,28,192,blocking,0,0,821
1830,16,356,blocking,1,1,373
1831,180,296,blocking,1,1,331
1833,216,86,blocking,0,0,618
1835,50,227,blocking,0,0,294
1836,251,488,aligned,0,1,179;397
1837,264,121,blocking,0,0,622;675
1840,183,114,blocking,0,0,457
1841,306,398,blocking,0,0,304
1842,207,158,blocking,0,0,294
1844,212,25,aligned,0,1,99
1845,283,134,aligned,0,1,37;58;211;677;923
1846,60,384,blocking,1,0,941
1847,223,134,blocking,0,0,114
1849,283,199,aligned,0,1,454
1850,359,15,aligned,0,1,997
1853,95,199,blocking,0,0,284
1854,116,54,blocking,0,0,720
1855,326,93,blocking,0,0,279
1857,252,347,blocking,0,0,415
1858,64,215,blocking,0,1,295
1859,359,194,aligned,1,1,997
1860,251,210,aligned,1,1,799
1862,84,165,blocking,0,0,749
1868,212,103,aligned,0,1,76;99;175;215;217;305;411;435;626;824
1869,128,165,aligned,0,1,880
1870,283,314,aligned,0,1,37
1871,64,205,blocking,0,1,841
1872,26,151,blocking,0,0,493
1874,178,177,blocking,0,0,17;408;679;749;777;791;822;838;975
1876,356,231,blocking,0,0,294
1877,178,250,blocking,0,0,822
1878,256,387,blocking,0,0,178;912
1881,89,43,aligned,0,1,801
1882,334,401,blocking,1,0,149;616
1883,212,76,aligned,0,1,626;824
1885,340,259,blocking,0,0,269
1886,42,110,blocking,0,0,430;749
1887,69,190,blocking,0,0,259;408
1888,367,445,blocking,0,0,791;869
1889,178,30,blocking,0,0,78;822
1890,26,356,blocking,1,0,493
1897,60,138,blocking,1,0,456
1898,60,486,blocking,0,0,146;338
1899,334,27,blocking,0,0,161
1900,196,62,blocking,0,0,136
1901,69,102,blocking,0,0,679
1904,148,462,aligned,0,1,514
1905,348,190,blocking,0,1,17;78;246;408;465;697
1906,284,156,blocking,0,0,462
1908,55,490,blocking,0,0,591
1909,84,103,blocking,0,0,17;255;408;430;520;539;666;679;697;749;777;975;996
1911,163,201,blocking,0,0,777
1912,212,481,blocking,0,1,154;282;284;332;356;507;683;745;766;951
1914,345,192,blocking,0,0,777
1915,3,95,blocking,0,0,878
1917,201,17,aligned,0,1,257
1918,103,332,blocking,0,0,472
1919,362,112,blocking,0,0,966
1922,8,441,blocking,0,0,623
1923,289,235,blocking,0,0,146
1924,321,192,blocking,0,0,951
1925,305,177,blocking,0,0,284
1926,300,12,aligned,0,1,731
1927,361,199,blocking,0,0,381
1929,69,222,blocking,0,0,408;749
1930,42,322,blocking,0,0,408;539;822
1931,121,222,blocking,0,0,12
1932,8,262,blocking,0,0,225;430;749
1933,305,82,blocking,0,0,284
1936,163,445,blocking,0,0,298;311;430;777;806;944
1937,188,113,aligned,0,1,799
1939,369,3,aligned,0,1,482
1940,348,443,blocking,0,1,78;290;679;697;777
1941,69,433,blocking,0,0,408
1943,267,186,blocking,0,0,838;869
1944,207,331,blocking,0,0,294
1945,223,222,blocking,0,0,870
1949,147,442,aligned,0,1,426
1950,345,435,blocking,0,0,33;225;623;749
1952,71,131,aligned,0,1,810
1953,26,221,blocking,1,0,493
1954,167,217,blocking,0,0,284;398;408;738;777;822
1955,32,377,blocking,0,0,406
1957,313,91,aligned,0,1,916
1959,210,310,blocking,0,0,258;283;772;859
1961,128,102,aligned,0,1,880
1962,305,344,blocking,0,0,284
1964,224,424,blocking,1,0,611
1965,162,359,aligned,0,1,628
1966,163,453,blocking,0,0,777
1967,334,91,blocking,0,0,161
1968,289,341,blocking,0,0,456
1972,338,430,aligned,0,1,351
1974,157,188,blocking,1,0,425
1977,354,169,blocking,0,0,284
1978,183,470,blocking,0,0,791
1979,220,484,blocking,0,0,294
1980,18,310,blocking,0,1,434
1982,212,190,aligned,0,1,99;215
1985,178,402,blocking,0,0,17;74;78;106;408;430;520;539;666;679;697;749;777;791;822;869;996
1986,251,113,aligned,0,1,799
1987,356,312,blocking,0,0,294
1988,216,67,blocking,0,0,485
1991,384,192,blocking,0,1,377;552
1994,326,360,blocking,0,0,279
1995,86,402,blocking,0,0,50;225;311;430;944
1996,128,232,aligned,1,1,880
1997,191,481,blocking,0,0,964
1998,77,360,blocking,0,0,254
2003,374,278,aligned,0,1,659
2004,334,452,blocking,0,0,802
2005,207,87,blocking,1,0,294
2007,348,114,blocking,0,1,430
2009,212,309,aligned,0,1,215
2010,85,12,aligned,0,1,630
2011,326,262,blocking,0,0,279
2012,230,377,aligned,0,1,896
2013,348,441,blocking,0,1,570
2014,86,474,blocking,0,0,944
2017,384,262,blocking,0,1,377;534;552
2020,334,256,blocking,0,0,224;616
2022,132,408,aligned,0,1,797
2024,264,48,blocking,1,0,324
2025,345,82,blocking,0,0,131;457;749
2026,362,445,blocking,0,0,966
2027,284,411,blocking,1,0,938
2029,283,198,aligned,0,1,923
2030,54,411,blocking,1,0,611;938
2031,172,111,blocking,0,0,907
2032,122,206,blocking,0,0,383
2033,69,165,blocking,0,0,749
2036,367,198,blocking,0,0,869
2037,84,297,blocking,0,0,17;408;430;457;539;697
2041,348,76,blocking,0,1,78;246;749;822
2042,289,226,blocking,0,0,1;146;423
2043,283,206,aligned,0,1,37;211;454;579;677;923
2044,73,190,blocking,0,0,791
2045,169,154,blocking,0,1,10;62;230;393;747;931
2046,367,222,blocking,0,0,385;791;869
2048,187,482,blocking,0,0,691
2050,48,27,aligned,0,1,238
2051,224,86,blocking,0,0,611
2052,50,437,blocking,0,0,294
2053,94,60,blocking,0,1,430
2054,95,30,blocking,0,0,284
2055,284,5,blocking,0,0,462
2056,80,339,blocking,0,0,284
2058,94,334,blocking,0,1,430
2059,128,169,aligned,0,1,810;880
2060,69,103,blocking,0,0,408;666;679;749
2061,314,98,blocking,0,0,483
2062,187,488,blocking,0,0,636
2064,239,154,blocking,0,1,184
2065,348,30,blocking,0,1,78;246;284;822
2066,283,62,aligned,0,1,923
2067,183,262,blocking,0,0,791
2068,27,465,blocking,1,0,425
2069,207,3,blocking,0,0,294
2070,296,186,aligned,0,1,688
2071,326,184,blocking,0,0,279
2076,167,402,blocking,0,0,21;284;398;408;738;777;822;996
2077,16,389,blocking,0,1,373
2078,128,353,aligned,0,1,880
2081,116,86,blocking,0,0,826
2085,361,339,blocking,0,0,381
2087,147,88,aligned,0,1,30;164;505
2089,356,463,blocking,0,0,294
2090,313,157,aligned,0,1,916
2091,65,402,aligned,0,1,901
2092,64,186,blocking,0,1,295;841
2094,207,53,blocking,0,0,294
2096,77,214,blocking,0,0,293
2099,212,77,blocking,0,1,282;332;745;929;951
2100,187,26,blocking,0,0,148;150;501;636
2102,42,422,blocking,0,0,377;679
2105,77,17,blocking,0,0,254
2108,216,467,blocking,1,0,655
2110,162,476,aligned,0,1,628
2111,68,169,blocking,0,0,267;949
2112,71,3,aligned,0,1,810
2113,334,154,blocking,0,0,161;224
2115,122,169,blocking,0,0,368;566
2117,214,103,blocking,0,0,284;777;791
2118,240,420,blocking,0,1,699
2120,50,327,blocking,0,0,294
2121,187,36,blocking,0,0,161
2122,275,192,blocking,0,0,821
2123,212,165,aligned,0,1,99
2125,289,129,blocking,1,0,146
2126,356,12,blocking,0,0,294
2127,71,199,aligned,0,1,810
2128,162,305,aligned,0,1,628
2129,98,340,blocking,1,0,978
2130,103,259,blocking,0,0,62;472
2131,60,235,blocking,0,0,146
2132,220,187,blocking,0,0,294
2134,377,177,blocking,0,0,888
2135,249,177,blocking,0,0,284;356;951
2136,33,116,blocking,0,0,462
2138,94,9,blocking,0,1,106;131;246;290;408;430;465;539;697;749;777;822;975
2141,163,236,blocking,0,0,33
2144,296,256,aligned,0,1,688
2145,154,377,blocking,0,0,574
2146,283,141,aligned,0,1,37
2148,352,295,aligned,0,1,556
2149,28,402,blocking,0,0,821
2151,73,114,blocking,0,0,457
2152,300,39,aligned,0,1,270
2155,207,123,blocking,0,0,294
2157,334,402,blocking,0,0,161
2158,220,87,blocking,1,0,294
2160,60,76,blocking,0,0,456
2161,384,422,blocking,0,1,377
2165,178,413,blocking,0,0,577;869
2166,187,310,blocking,0,0,149;501;636
2167,178,121,blocking,0,0,78;749;822
2168,100,262,blocking,0,0,674
2169,82,435,blocking,0,0,408;822
2170,297,359,blocking,0,0,364;1002
2171,60,224,blocking,0,0,456
2173,178,51,blocking,0,0,869
2174,258,131,blocking,0,1,334
2176,328,423,aligned,1,1,96;122;586;761;854
2177,212,310,blocking,0,1,258
2178,223,17,blocking,0,0,237;870
2181,167,297,blocking,0,0,408
2186,128,110,aligned,0,1,880
2187,94,87,blocking,1,1,570
2189,82,103,blocking,0,0,17;255;408;516;520;666;697;822;975
2190,94,445,blocking,0,1,17;106;131;246;284;290;298;311;408;430;539;570;666;777;822
2192,224,132,blocking,0,0,611
2195,59,357,blocking,1,0,863
2197,289,99,blocking,0,0,456
2199,199,103,aligned,0,1,601
2200,84,102,blocking,0,0,679
2202,224,356,blocking,1,0,87;193;611
2205,262,98,blocking,0,0,483
2206,239,482,blocking,0,1,342
2208,187,71,blocking,0,0,161;636
2211,216,444,blocking,1,0,266
2213,80,103,blocking,0,0,284
2214,42,102,blocking,0,0,679
2216,77,169,blocking,0,0,254
2217,281,262,blocking,0,0,284
2218,82,310,blocking,0,0,812
2219,348,103,blocking,0,1,17;78;131;246;284;290;408;430;520;529;539;570;666;679;697;749;777;822;921;975;996
2220,359,229,aligned,0,1,997
2221,89,281,aligned,0,1,801
2225,84,310,blocking,0,0,838
2227,58,420,aligned,0,1,143
2229,80,177,blocking,0,0,284
2230,13,391,blocking,0,0,178
2231,220,463,blocking,0,0,294
2232,264,262,blocking,0,0,622;675
2233,149,465,blocking,1,0,425
2234,73,339,blocking,0,0,457
2237,64,233,blocking,0,1,295;841
2238,187,233,blocking,0,0,501
2239,64,19,blocking,0,1,295
2240,87,481,blocking,0,1,284;777
2241,187,192,blocking,0,0,148;501
2242,384,9,blocking,0,1,107;377
2243,384,339,blocking,0,1,377
2244,367,161,blocking,0,0,791
2246,178,105,blocking,0,0,822
2247,283,81,aligned,0,1,677
2250,128,350,aligned,0,1,810;880
2251,84,481,blocking,0,0,17;408;697;749;777
2253,84,112,blocking,0,0,408
2254,50,287,blocking,0,0,294
2255,207,450,blocking,0,0,294
2256,33,445,blocking,0,0,462
2257,157,98,blocking,0,0,483
2260,247,177,aligned,0,1,897
2261,116,131,blocking,0,0,959
2263,267,257,blocking,0,0,78;408;777;822
2264,187,63,blocking,1,0,636
2265,281,17,blocking,0,0,284
2267,284,86,blocking,0,0,938
2268,163,262,blocking,0,0,120;225;430
2270,345,199,blocking,0,0,430;623;749
2271,267,51,blocking,0,0,869
2272,139,96,blocking,0,1,312
2274,220,212,blocking,1,0,294
2278,267,199,blocking,0,0,17;40;66;78;106;408;539;637;679;749;791;822;838;869
2279,60,169,blocking,0,0,1;423;456;941
2280,289,262,blocking,0,0,456
2281,331,154,blocking,0,0,530
2284,3,322,blocking,0,0,28
2285,356,420,blocking,0,0,294
2286,89,95,aligned,0,1,801
2287,290,314,blocking,0,0,915
2288,289,195,blocking,1,0,941
2292,183,190,blocking,0,0,791
2294,4,98,blocking,0,0,483
2299,191,204,blocking,0,0,162
2300,210,33,blocking,0,0,468
2303,337,245,blocking,0,0,591
2305,321,17,blocking,0,0,280;284;332;487;507;766;951
2306,297,131,blocking,0,0,1002
2308,94,49,blocking,1,1,570;749
2309,178,334,blocking,0,0,430
2310,16,10,blocking,0,1,362;373;452;991
2311,163,160,blocking,0,0,120;298;965
2314,33,98,blocking,0,0,483
2316,264,338,blocking,0,0,544;675
2317,367,62,blocking,0,0,869
2320,60,432,blocking,0,0,1
2321,191,370,blocking,1,0,964
2323,267,488,blocking,0,0,869
2326,384,486,blocking,0,1,105
2327,296,234,aligned,0,1,688
2328,220,327,blocking,0,0,294
2329,27,188,blocking,1,0,425
2330,334,92,blocking,0,0,161
2332,30,381,blocking,0,0,899
2333,356,95,blocking,0,0,294
2334,163,60,blocking,0,0,430
2335,90,156,blocking,0,0,24
2336,267,102,blocking,0,0,679
2337,191,339,blocking,0,0,325;964
2338,212,171,aligned,0,1,99
2339,348,62,blocking,0,1,78;430
2340,361,322,blocking,0,0,381
2341,267,433,blocking,0,0,78;408;777
2343,269,287,blocking,0,0,732
2346,289,191,blocking,0,0,423;456
2352,26,169,blocking,0,0,493
2353,356,227,blocking,0,0,294
2355,267,165,blocking,0,0,78;749
2356,178,322,blocking,0,0,408;539;791;822
2359,128,217,aligned,0,1,880
2360,249,344,blocking,0,0,284
2361,116,68,blocking,0,0,959
2363,26,341,blocking,0,0,493
2364,2,233,blocking,0,1,841
2369,26,262,blocking,0,0,493
2371,216,436,blocking,0,0,36;655
2373,214,177,blocking,0,0,284;777;791
2374,348,17,blocking,0,1,17;66;78;106;131;246;284;290;311;408;430;539;570;666;679;697;777;822;975
2379,362,322,blocking,0,0,778
2380,20,103,blocking,0,0,209;334
2381,94,114,blocking,0,1,430
2382,64,199,blocking,0,1,295
2384,187,445,blocking,0,0,148
2385,210,487,blocking,0,0,68;607
2386,252,424,blocking,1,0,415
2387,172,453,blocking,0,0,907
2388,89,327,aligned,0,1,801
2390,86,334,blocking,0,0,430
2393,267,422,blocking,0,0,679;791
2395,356,87,blocking,1,0,294
2396,75,391,blocking,0,0,178
2397,207,86,blocking,0,0,294
2398,128,477,aligned,0,1,31;34;318;810;880;986
2402,42,87,blocking,1,0,570
2405,249,294,blocking,0,0,356;951
2406,89,459,aligned,0,1,801
2407,169,333,blocking,0,1,230
2408,334,390,blocking,0,0,616
2409,289,323,blocking,0,0,941
2410,334,354,blocking,0,0,224;569
2413,33,424,blocking,1,0,611
2414,103,154,blocking,0,0,62
2416,69,297,blocking,0,0,408
2417,71,177,aligned,0,1,810
2422,80,402,blocking,0,0,284
2423,348,481,blocking,0,1,17;78;246;284;290;298;391;408;697;749;777;822
2424,191,30,blocking,0,0,325
2427,384,76,aligned,0,1,361
2429,8,481,blocking,0,0,17;33;298;749;944;965
2430,207,463,blocking,0,0,294
2431,169,132,blocking,0,1,10
2432,317,157,blocking,0,0,312
2433,147,17,aligned,0,1,30
2434,94,146,blocking,0,1,66;246;408;539;570;749;822
2436,82,341,blocking,0,0,17;408;822
2437,178,60,blocking,0,0,430
2438,338,95,aligned,0,1,754;930
2439,71,18,aligned,0,1,810
2440,69,262,blocking,0,0,408;749
2444,304,195,blocking,1,0,575
2445,86,435,blocking,0,0,33;225;623
2446,183,322,blocking,0,0,791
2448,362,169,blocking,0,0,77;966
2449,212,177,aligned,0,1,99;215
2453,345,481,blocking,0,0,33;298;749;777;944;965
2454,147,96,aligned,0,1,426;680
2457,191,103,blocking,0,0,609;964
2458,165,94,blocking,0,0,274
2459,362,68,blocking,0,0,707
2460,123,154,aligned,0,1,91
2461,356,402,blocking,0,0,209;294
2464,29,222,blocking,0,0,870
2466,354,30,blocking,0,0,284
2467,116,146,blocking,0,0,12
2468,60,199,blocking,0,0,146;456
2469,328,75,aligned,0,1,984
2471,268,159,aligned,1,1,902
2472,128,287,aligned,0,1,880
2473,359,34,aligned,0,1,997
2474,165,191,blocking,0,0,418
2475,283,310,aligned,0,1,37;677
2480,187,141,blocking,0,0,161
2481,26,330,blocking,1,0,493
2482,73,257,blocking,0,0,457
2483,228,177,blocking,0,0,284
2485,67,377,blocking,0,0,462
2487,71,15,aligned,0,1,511
2488,112,91,blocking,0,1,527;865
2489,84,184,blocking,0,0,408
2491,348,121,blocking,0,1,78;246;284;749;822
2493,73,103,blocking,0,0,791
2494,33,211,blocking,1,0,611
2497,361,99,blocking,0,0,381
2499,212,481,aligned,0,1,99;175;215;217;411;824
2500,116,177,blocking,0,0,959
2501,354,82,blocking,0,0,284
2502,337,86,blocking,0,0,474;591
2503,22,402,aligned,0,1,901
2504,264,232,blocking,1,0,622
2505,67,254,blocking,0,0,462
2507,348,184,blocking,0,1,246;298;408
2508,42,60,blocking,0,0,430
2509,128,190,aligned,0,1,880
2510,54,12,blocking,0,0,611
2511,94,350,blocking,0,1,246;408;822
2512,165,262,blocking,0,0,418
2515,289,360,blocking,0,0,1;423;941
2516,71,480,aligned,0,1,810
2517,377,191,blocking,0,0,888
2520,207,437,blocking,0,0,294
2521,331,360,blocking,0,0,530
2524,354,445,blocking,0,0,284
2525,29,177,blocking,0,0,114;237;870
2526,98,444,blocking,1,0,978
2527,103,92,blocking,0,0,472
2530,313,256,aligned,0,1,916
2531,249,103,blocking,0,0,154;280;284;291;356;756;921;951
2532,125,15,aligned,0,1,511
2533,283,33,aligned,0,1,923
2534,82,9,blocking,0,0,259;408;697;822;975
2537,112,151,blocking,0,1,932
2538,348,449,blocking,1,1,408
2539,187,451,blocking,1,0,148
2540,249,339,blocking,0,0,284
2541,172,402,blocking,0,0,907
2542,216,89,blocking,0,0,36
2545,69,76,blocking,0,0,749
2546,345,474,blocking,0,0,944;965
2547,167,357,blocking,1,0,408;822
2548,359,423,aligned,1,1,482;997
2549,212,271,aligned,0,1,99
2550,337,137,blocking,0,0,591
2552,128,449,aligned,1,1,318;511;810;880;986
2553,224,405,blocking,1,0,611
2554,187,347,blocking,0,0,161
2555,167,318,blocking,0,0,114
2558,69,413,blocking,0,0,577
2564,337,132,blocking,0,0,474
2566,362,131,blocking,0,0,908
2569,334,117,blocking,0,0,224
2570,210,388,blocking,0,0,468
2571,249,402,blocking,0,0,154;280;284;291;921;951
2572,88,113,blocking,0,0,658
2573,321,169,blocking,0,0,284
2574,183,82,blocking,0,0,457;791
2575,128,481,aligned,0,1,880
2576,60,353,blocking,0,0,941
2578,289,463,blocking,0,0,456
2579,359,364,aligned,0,1,997
2580,275,463,blocking,0,0,690;821
2582,116,199,blocking,0,0,959
2584,296,423,aligned,1,1,688
2585,183,169,blocking,0,0,791
2586,178,131,blocking,0,0,17;78;539;679;777;791;822;838
2587,84,49,blocking,1,0,749
2589,275,68,blocking,0,0,821
2591,220,312,blocking,0,0,294
2593,50,490,blocking,0,0,294
2594,50,253,blocking,0,0,294
2595,226,396,blocking,1,1,261
2596,264,370,blocking,1,0,622
2598,211,195,blocking,1,0,206
2600,178,184,blocking,0,0,408
2603,87,402,blocking,0,1,284;520;777
2604,207,255,blocking,0,0,294
2605,284,465,blocking,1,0,425;462
2606,212,402,blocking,0,1,101;154;280;282;284;291;306;332;507;683;745;766;921;951
2607,60,433,blocking,0,0,456
2608,86,445,blocking,0,0,298;311;430;806;944
2611,348,377,blocking,0,1,822
2612,147,433,aligned,0,1,505
2613,94,486,blocking,0,1,246;408;777;822
2614,165,82,blocking,0,0,418
2615,297,402,blocking,0,0,1002
2617,354,262,blocking,0,0,284
2618,54,424,blocking,1,0,611
2619,65,17,aligned,0,1,233
2620,212,365,blocking,0,1,745
2621,128,25,aligned,0,1,880
2622,313,86,aligned,0,1,916
2624,60,339,blocking,0,0,146;456
2625,283,444,aligned,1,1,37
2626,47,12,blocking,0,0,468
2628,165,199,blocking,0,0,418
2629,210,112,blocking,0,0,123;283;704;719;772;859
2630,348,445,blocking,0,1,17;78;106;131;246;284;290;298;311;391;408;430;539;570;666;777;822
2633,7,356,aligned,1,1,386;556;725
2634,42,93,blocking,0,0,78;246;570;822
2636,187,444,blocking,1,0,359
2637,340,360,blocking,0,0,460
2638,87,222,blocking,0,1,777
2639,69,439,blocking,1,0,637
2640,8,190,blocking,0,0,17;259
2641,326,222,blocking,0,0,279;438
2643,255,304,blocking,0,0,65
2644,100,200,blocking,0,0,674
2645,20,402,blocking,0,0,209;334
2646,169,303,blocking,1,1,931
2648,384,297,blocking,0,1,107;377
2649,264,422,blocking,0,0,324;422;544;675
2651,276,360,blocking,0,1,460
2652,267,445,blocking,0,0,17;78;106;391;408;539;777;791;822;869
2653,163,209,blocking,1,0,965
2654,224,211,blocking,1,0,611
2658,328,210,aligned,1,1,761
2659,345,443,blocking,0,0,777
2660,275,39,blocking,0,0,821
2661,348,49,blocking,1,1,570;749
2663,42,377,blocking,0,0,822
2664,356,439,blocking,1,0,294
2665,16,144,blocking,0,1,362
2666,334,263,blocking,0,0,161
2667,308,484,blocking,0,0,881
2668,116,17,blocking,0,0,959
2669,345,339,blocking,0,0,131;430;457;749;777
2671,319,104,blocking,0,0,65
2672,212,318,blocking,0,1,282
2673,207,185,blocking,0,0,294
2675,94,131,blocking,0,1,17;131;246;290;298;539;570;679;777;822
2676,357,86,blocking,0,0,316
2677,178,112,blocking,0,0,78;408;791
2678,47,250,blocking,0,0,468
2679,220,5,blocking,0,0,294
2681,362,222,blocking,0,0,77;966
2682,264,224,blocking,0,0,544;622;652
2684,50,268,blocking,0,0,294
2685,359,200,aligned,0,1,997
2686,187,401,blocking,1,0,149
2687,384,445,blocking,0,1,377;552;595;845
2688,178,360,blocking,0,0,408;539;559;679;716;822;869
2689,384,103,aligned,0,1,175;345;361
2690,88,17,blocking,0,0,658
2692,60,360,blocking,0,0,1;423;941
2696,169,492,blocking,0,1,686
2697,33,63,blocking,1,0,296
2698,216,491,blocking,0,0,75;110;198;336;429
2699,289,184,blocking,0,0,456
2700,147,194,aligned,1,1,814
2702,191,169,blocking,0,0,562;609;925;964
2703,284,377,blocking,0,0,462
2704,168,62,blocking,0,1,642
2706,69,191,blocking,0,0,637;662
2709,345,293,blocking,0,0,430
2710,212,199,blocking,0,1,101;154;258;282;284;332;745;951
2715,289,486,blocking,0,0,146;338
2716,178,199,blocking,0,0,17;40;78;106;408;430;539;679;749;791;822;838;869
2717,8,445,blocking,0,0,17;298;311;430;806;944
2718,67,98,blocking,0,0,483
2720,178,357,blocking,1,0,408;539;791;822
2721,94,441,blocking,0,1,570
2724,82,131,blocking,0,0,17;822
2725,239,384,blocking,1,1,342
2726,28,292,blocking,0,0,821
2728,338,11,aligned,1,1,351;754
2729,345,201,blocking,0,0,777
2730,384,199,blocking,0,1,285;377;552;693
2732,107,161,aligned,0,1,124
2735,212,113,blocking,0,1,101;291;390;951
2736,69,344,blocking,0,0,408;749
2738,334,12,blocking,0,0,161;365;616
2740,80,262,blocking,0,0,284
2744,359,159,aligned,1,1,997
2745,100,165,blocking,0,0,674
2746,78,360,aligned,0,1,111
2749,308,194,blocking,1,0,163
2754,338,206,aligned,0,1,85;351;754;930
2755,147,259,aligned,0,1,164
2756,338,134,aligned,0,1,5;80;85;200;351;754;930
2759,82,112,blocking,0,0,408
2760,323,95,aligned,0,1,568
2761,58,95,aligned,0,1,143
2763,207,327,blocking,0,0,294
2764,17,26,blocking,0,0,32
2765,187,21,blocking,0,0,148
2766,249,131,blocking,0,0,154;951
2768,362,339,blocking,0,0,908
2769,289,399,blocking,0,0,22
2770,121,12,blocking,0,0,720
2775,283,39,aligned,0,1,37
2776,348,192,blocking,0,1,78;408;539;570;679;777
2781,26,401,blocking,1,0,493
2782,367,216,blocking,0,0,44;317;385;521;791;869
2784,275,360,blocking,0,0,821
2785,313,148,aligned,0,1,916
2788,28,109,blocking,1,0,581
2790,367,177,blocking,0,0,385;791
2792,79,339,blocking,0,0,284
2793,191,360,blocking,0,0,562;609;925;964
2795,283,274,aligned,0,1,37
2796,33,12,blocking,0,0,611
2797,244,69,aligned,0,1,600
2798,220,3,blocking,0,0,294
2799,128,3,aligned,0,1,810
2800,367,322,blocking,0,0,791
2801,173,360,blocking,0,0,460
2803,16,145,blocking,0,1,362
2807,42,184,blocking,0,0,246;298;377;408
2808,187,35,blocking,1,0,501
2810,107,194,aligned,1,1,124
2812,334,71,blocking,0,0,161;371
2813,177,487,blocking,0,0,872
2815,3,256,blocking,0,0,798
2816,95,445,blocking,0,0,284
2817,7,220,aligned,1,1,556;725
2818,94,435,blocking,0,1,408;749;822
2823,304,85,blocking,0,0,575
2824,112,421,blocking,0,1,865
2825,8,293,blocking,0,0,430
2827,50,485,blocking,0,0,294
2828,94,481,blocking,0,1,17;246;284;290;298;408;697;749;777;822
2829,296,134,aligned,0,1,892
2832,54,417,blocking,1,0,611
2836,42,402,blocking,0,0,17;74;78;106;120;131;246;284;311;377;408;430;520;539;666;679;697;749;777;818;822;921;996
2837,183,17,blocking,0,0,791
2839,367,146,blocking,0,0,869
2840,42,114,blocking,0,0,430;457
2841,217,360,blocking,0,0,460
2843,256,333,blocking,0,0,178
2844,289,353,blocking,0,0,941
2846,297,199,blocking,0,0,1002
2847,290,103,blocking,0,0,334
2849,251,256,aligned,0,1,179
2851,151,295,aligned,0,1,617
2853,275,488,blocking,0,0,8;821
2854,313,240,aligned,1,1,916
2856,212,65,blocking,0,1,280
2857,361,191,blocking,0,0,381
2858,361,357,blocking,1,0,381
2859,289,443,blocking,0,0,456
2860,58,315,aligned,0,1,143
2861,33,72,blocking,0,0,247;296;938
2865,42,42,blocking,0,0,78
2869,220,413,blocking,0,0,294
2870,128,262,aligned,0,1,810;880
2871,207,120,blocking,0,0,294
2872,47,256,blocking,0,0,468
2874,356,381,blocking,0,0,294
2877,337,465,blocking,1,0,591
2878,334,33,blocking,0,0,186;616
2880,165,322,blocking,0,0,418;500
2881,42,333,blocking,0,0,822
2882,95,262,blocking,0,0,284
2883,367,273,blocking,0,0,385
2884,175,360,blocking,0,0,460
2885,384,111,aligned,0,1,175
2886,71,397,aligned,0,1,810
2890,212,93,blocking,0,1,282;332;745;951
2891,128,209,aligned,1,1,880
2895,348,344,blocking,0,1,78;106;246;284;408;570;749;822
2896,167,192,blocking,0,0,408;777
2897,16,120,blocking,0,1,373
2898,54,427,blocking,1,0,611
2901,378,103,blocking,0,1,828
2902,275,222,blocking,0,0,821
2903,180,122,blocking,1,1,331
2905,306,256,blocking,0,0,304
2906,42,235,blocking,0,0,78;131;377;408;430;570;679;749;822;996
2911,50,62,blocking,0,0,294
2912,121,146,blocking,0,0,12
2913,380,304,blocking,0,0,65
2914,188,195,aligned,1,1,799
2915,122,445,blocking,0,0,566
2916,359,295,aligned,0,1,997
2917,244,70,aligned,1,1,396;467;526;613;718;790
2918,178,488,blocking,0,0,430;869
2920,103,102,blocking,0,0,910
2922,54,386,blocking,1,0,462
2924,33,41,blocking,1,0,611
2925,8,257,blocking,0,0,298;457
2926,169,167,blocking,0,1,230
2927,80,445,blocking,0,0,284
2928,67,15,blocking,0,0,462
2929,334,339,blocking,0,0,501
2932,345,441,blocking,0,0,623
2933,165,402,blocking,0,0,418
2934,384,481,blocking,0,1,107;377;552;693
2935,345,9,blocking,0,0,131;430;749;777;965;975
2936,323,134,aligned,0,1,633
2938,69,322,blocking,0,0,408
2939,24,360,blocking,0,0,460
2941,60,262,blocking,0,0,456
2942,60,276,blocking,0,0,941
2943,48,186,aligned,0,1,238
2946,248,402,blocking,0,0,228;669
2948,29,199,blocking,0,0,114
2950,58,206,aligned,0,1,143
2951,9,134,blocking,0,0,434
2952,67,386,blocking,1,0,462
2953,94,333,blocking,0,1,822
2954,28,257,blocking,0,0,821
2957,207,287,blocking,0,0,294
2958,54,490,blocking,0,0,611
2959,348,262,blocking,0,1,78;120;131;246;284;408;430;465;539;697;749;822
2960,28,161,blocking,0,0,821
2963,212,165,blocking,0,1,332
2964,290,262,blocking,0,0,334
2965,314,188,blocking,1,0,425
2967,115,132,blocking,0,1,275
2969,167,250,blocking,0,0,822
2970,321,262,blocking,0,0,284;332
2971,169,39,blocking,0,1,230
2972,47,420,blocking,0,0,468
2973,267,250,blocking,0,0,822
2978,8,199,blocking,0,0,17;430;623;749;838
2979,40,30,blocking,0,0,284
2980,338,459,aligned,0,1,351
2981,289,447,blocking,0,0,423
2982,50,484,blocking,0,0,294
2983,214,192,blocking,0,0,777;791
2984,144,156,blocking,0,0,508
2985,163,481,blocking,0,0,33;298;777;944;965
2987,367,493,blocking,0,0,44;317
2988,8,236,blocking,0,0,17;33
2990,367,95,blocking,0,0,869
2992,3,168,blocking,0,0,113
2993,167,218,blocking,0,0,21;398;738
2997,178,110,blocking,0,0,430;749
2998,352,220,aligned,1,1,556;725
3002,8,62,blocking,0,0,430
3003,94,201,blocking,0,1,246;777;822
3004,267,193,blocking,0,0,66;78;408;539;697;749;822
3005,289,322,blocking,0,0,423;456;500
3006,264,360,blocking,0,0,675
3009,348,102,blocking,0,1,679
3011,46,291,blocking,0,0,227
3016,188,210,aligned,1,1,799
3018,178,470,blocking,0,0,791
3019,27,98,blocking,0,0,483
3020,334,192,blocking,0,0,501
3022,55,26,blocking,0,0,591
3023,42,112,blocking,0,0,78;408
3024,128,422,aligned,0,1,880
3029,178,422,blocking,0,0,679;791
3031,374,186,aligned,0,1,659
3032,128,87,aligned,1,1,810;880;986
3034,90,95,blocking,0,0,24;833
3035,73,192,blocking,0,0,791
3038,67,26,blocking,0,0,462
3039,115,96,blocking,0,1,297
3040,3,432,blocking,0,0,798
3042,169,377,blocking,0,1,230
3044,187,473,blocking,1,0,501
3045,79,17,blocking,0,0,284
3046,28,193,blocking,0,0,821
3049,54,139,blocking,0,0,611
3050,328,308,aligned,1,1,761;882
3051,191,436,blocking,0,0,964
3053,84,114,blocking,0,0,430;457
3055,384,165,blocking,0,1,377
3056,80,344,blocking,0,0,284
3058,169,10,blocking,0,1,230
3059,252,417,blocking,1,0,415
3060,112,154,blocking,0,1,407;865
3063,128,72,aligned,0,1,880
3065,94,262,blocking,0,1,120;131;246;284;408;430;465;539;697;749;822
3067,187,259,blocking,0,0,148;636;691
3071,252,343,blocking,1,0,190
3072,183,112,blocking,0,0,791
3073,118,134,aligned,0,1,898
3076,226,10,aligned,0,1,240
3077,147,484,aligned,0,1,164;426;814
3079,167,481,blocking,0,0,284;408;777;822
3082,345,344,blocking,0,0,749
3085,253,95,aligned,0,1,310
3087,128,17,aligned,0,1,446;810;880
3089,264,297,blocking,0,0,544;622
3091,34,489,aligned,0,1,583
3094,69,449,blocking,1,0,408
3095,267,49,blocking,1,0,749
3097,283,264,aligned,0,1,37
3098,334,414,blocking,1,0,161
3102,33,405,blocking,1,0,611
3104,207,95,blocking,0,0,294
3105,84,177,blocking,0,0,17;408;679;749;777;838;975
3108,121,339,blocking,0,0,12
3110,345,341,blocking,0,0,131
3111,216,460,blocking,0,0,485;646
3112,207,227,blocking,0,0,294
3117,98,121,blocking,0,0,978
3120,212,224,aligned,0,1,99;215
3122,224,142,blocking,1,0,611
3123,345,111,blocking,0,0,298;623;777;944
3125,356,193,blocking,0,0,294
3126,42,341,blocking,0,0,17;78;131;246;284;377;408;570;818;822
3128,93,103,blocking,0,0,516
3129,139,484,blocking,0,1,312
3130,59,486,blocking,0,0,863
3132,79,402,blocking,0,0,284
3135,128,131,aligned,0,1,810;880;986
3137,267,322,blocking,0,0,408;539;791;822
3139,367,190,blocking,0,0,791
3140,334,388,blocking,0,0,186
3141,80,121,blocking,0,0,284
3143,207,374,blocking,0,0,294
3145,251,195,aligned,1,1,397;610;799
3148,100,339,blocking,0,0,674
3150,267,76,blocking,0,0,78;749;822
3151,345,131,blocking,0,0,131;298;777;965
3152,321,9,blocking,0,0,154;332
3153,178,310,blocking,0,0,838;869
3154,86,193,blocking,0,0,298;311;430
3155,94,76,blocking,0,1,246;749;822
3156,165,169,blocking,0,0,418
3157,356,331,blocking,0,0,294
3159,256,71,blocking,0,0,178
3160,267,377,blocking,0,0,822;869
3162,32,278,blocking,0,0,406
3164,264,322,blocking,0,0,851
3167,60,322,blocking,0,0,423;456;500
3168,348,357,blocking,1,1,246;408;539;822
3169,356,120,blocking,0,0,294
3170,220,131,blocking,0,0,294
3172,216,57,blocking,1,0,618
3174,334,97,blocking,1,0,161
3177,289,402,blocking,0,0,146;423;456
3179,267,112,blocking,0,0,78;408;791
3181,289,436,blocking,0,0,500;941
3183,339,402,blocking,0,0,349
3184,367,481,blocking,0,0,869
3185,362,103,blocking,0,0,404;707;908;966
3188,94,257,blocking,0,1,290;298;408;570;777;822
3189,275,186,blocking,0,0,821
3190,95,82,blocking,0,0,284
3193,331,447,blocking,0,0,855
3194,64,306,blocking,0,1,295
3195,94,294,blocking,0,1,246;408;570;777;822
3196,75,314,blocking,0,0,178;912
3198,178,344,blocking,0,0,40;78;106;408;749;822
3199,300,159,aligned,1,1,590
3203,289,103,blocking,0,0,146;456;500
3205,60,299,blocking,0,0,423;941
3206,223,402,blocking,0,0,237;870
3208,298,103,aligned,0,1,535
3212,42,217,blocking,0,0,246;284;377;408;570;777;822
3213,50,402,blocking,0,0,209;294;334
3214,223,199,blocking,0,0,114
3215,187,270,blocking,0,0,226;359
3216,354,344,blocking,0,0,284
3217,264,443,blocking,0,0,324;544
3219,33,332,blocking,0,0,611
3220,147,310,aligned,0,1,164
3221,345,17,blocking,0,0,131;311;430;777;944;965;975
3222,86,441,blocking,0,0,623
3224,42,169,blocking,0,0,284;408;430;539;559;570;679;749;822;975
3225,89,53,aligned,0,1,801
3229,14,375,aligned,0,1,464
3230,175,169,blocking,0,0,460
3231,28,287,blocking,0,0,8;690;821
3232,125,449,aligned,1,1,511
3234,356,3,blocking,0,0,294
3237,345,402,blocking,0,0,50;120;131;225;311;430;749;777;944;965
3240,367,192,blocking,0,0,791
3241,82,222,blocking,0,0,408;697;822
3242,325,156,blocking,0,0,24
3243,284,98,blocking,0,0,483
3244,313,377,aligned,0,1,916
3245,348,293,blocking,0,1,430
3248,356,310,blocking,0,0,294
3249,178,235,blocking,0,0,78;408;430;679;749;822;996
3250,220,402,blocking,0,0,209;294
3253,208,186,blocking,0,0,115
3255,122,17,blocking,0,0,166;368;383;566
3256,90,327,blocking,0,0,24
3258,55,86,blocking,0,0,474;591
3260,84,110,blocking,0,0,430;749
3263,212,199,aligned,0,1,99;215
3264,289,442,blocking,0,0,456
3266,42,30,blocking,0,0,78;246;284;818;822
3267,283,11,aligned,1,1,37;677
3269,247,339,aligned,0,1,173
3272,29,17,blocking,0,0,237;870
3274,162,16,blocking,0,1,656
3275,284,73,blocking,1,0,462
3276,317,96,blocking,0,0,312
3278,85,183,aligned,0,1,630
3279,334,163,blocking,0,0,442;887
3280,122,82,blocking,0,0,166;195;368
3282,16,164,blocking,0,1,362;373
3283,356,185,blocking,0,0,294
3285,379,186,blocking,0,0,905
3286,50,112,blocking,0,0,294
3287,321,65,blocking,0,0,280;487
3288,169,404,blocking,0,1,393
3289,60,458,blocking,0,0,456
3290,207,253,blocking,0,0,294
3291,3,143,blocking,0,0,798
3292,334,420,blocking,0,0,365
3293,191,99,blocking,0,0,964
3294,214,17,blocking,0,0,284;777;791
3295,87,433,blocking,0,1,777
3296,53,212,blocking,1,1,528
3297,220,331,blocking,0,0,294
3300,340,332,blocking,0,0,269
3303,157,465,blocking,1,0,425
3304,69,112,blocking,0,0,408
3305,356,53,blocking,0,0,294
3307,362,1,blocking,0,0,966
3308,73,17,blocking,0,0,791
3309,144,103,blocking,0,0,334
3310,122,360,blocking,0,0,368
3311,162,362,aligned,0,1,628
3312,289,222,blocking,0,0,423;456;941
3313,47,377,blocking,0,0,468
3316,58,134,aligned,0,1,143
3318,128,432,aligned,0,1,880
3320,40,82,blocking,0,0,284
3321,82,177,blocking,0,0,17;114;408;476;822;975
3322,356,123,blocking,0,0,294
3323,8,121,blocking,0,0,749
3324,77,103,blocking,0,0,254
3328,367,488,blocking,0,0,385;869
3329,163,111,blocking,0,0,298;623;777;944
3331,216,259,blocking,0,0,36
3332,348,297,blocking,0,1,17;78;246;290;408;430;539;570;697
3333,87,212,blocking,1,1,777
3335,61,86,blocking,0,0,189
3337,78,413,aligned,0,1,111
3338,84,334,blocking,0,0,430
3340,169,285,blocking,0,1,104;931
3343,289,93,blocking,0,0,456;941
3344,267,339,blocking,0,0,78;408;539;749;777;822;838;869;996
3345,13,314,blocking,0,0,178
3346,288,360,blocking,0,0,460
3347,267,110,blocking,0,0,749
3348,331,91,blocking,0,0,530
3349,212,402,aligned,0,1,99;215;217
3350,187,159,blocking,1,0,149
3353,28,121,blocking,0,0,821
3354,382,135,blocking,0,0,995
3356,207,112,blocking,0,0,294
3357,86,60,blocking,0,0,430
3358,275,339,blocking,0,0,821
3360,60,192,blocking,0,0,146;456
3361,128,15,aligned,0,1,511;986
3363,210,287,blocking,0,0,123;283;704;772;859
3366,359,11,aligned,1,1,599;997
3368,251,91,aligned,0,1,610
3369,169,482,blocking,0,1,230
3370,212,277,blocking,1,1,282
3371,16,35,blocking,1,1,362;373;452
3372,338,54,aligned,0,1,351
3373,65,360,aligned,0,1,357
3374,60,99,blocking,0,0,456
3375,64,57,blocking,1,1,295
3376,326,111,blocking,0,0,279
3377,87,262,blocking,0,1,284
3378,348,350,blocking,0,1,78;246;408;822
3380,94,360,blocking,0,1,408;539;570;679;822
3383,212,232,blocking,1,1,154;306;715
3385,267,131,blocking,0,0,17;78;539;679;777;791;822;838
3393,362,146,blocking,0,0,966
3394,191,318,blocking,0,0,964
3395,60,402,blocking,0,0,146;423;456
3396,87,344,blocking,0,1,284
3397,326,297,blocking,0,0,279;438
3398,60,442,blocking,0,0,456
3401,167,17,blocking,0,0,284;398;408;777;822
3403,8,402,blocking,0,0,17;50;225;311;430;749;944;965
3405,33,15,blocking,0,0,462
3407,223,121,blocking,0,0,237;870
3409,165,445,blocking,0,0,418
3410,3,287,blocking,0,0,28
3411,191,82,blocking,0,0,964
3412,64,110,blocking,0,1,295
3416,28,186,blocking,0,0,821
3417,359,125,aligned,0,1,997
3420,94,357,blocking,1,1,246;408;539;822
3422,267,222,blocking,0,0,66;78;408;539;697;749;777;791;822;838;869
3423,212,17,aligned,0,1,76;99;175;215;217;305;606;626;792;824
3424,8,101,blocking,0,0,33;623;749;776;944;965
3425,65,103,aligned,0,1,233
3426,115,484,blocking,0,1,275
3428,165,39,blocking,0,0,418
3429,220,110,blocking,0,0,294
3431,50,110,blocking,0,0,294
3434,178,103,blocking,0,0,17;78;255;408;430;520;539;666;679;697;749;777;791;822;869;975;996
3435,264,134,blocking,0,0,962
3436,184,95,aligned,0,1,994
3438,191,277,blocking,1,0,964
3439,340,169,blocking,0,0,460
3443,122,184,blocking,0,0,166;368
3444,60,222,blocking,0,0,423;456;941
3448,362,177,blocking,0,0,77;707;778;908
3451,136,198,blocking,0,0,308
3452,283,487,aligned,0,1,923
3453,89,36,aligned,0,1,801
3454,26,199,blocking,0,0,493
3455,43,156,blocking,0,0,188
3456,275,199,blocking,0,0,821
3457,89,163,aligned,0,1,801
3458,84,212,blocking,1,0,408;666;749;777
3459,214,486,blocking,0,0,777
3460,207,402,blocking,0,0,294;334
3461,321,93,blocking,0,0,332;951
3462,86,111,blocking,0,0,298;623;944
3463,313,295,aligned,0,1,916
3464,54,98,blocking,0,0,483
3465,86,103,blocking,0,0,50;225;430;623;975
3466,283,233,aligned,0,1,677
3467,60,17,blocking,0,0,338;456
3468,305,262,blocking,0,0,284
3469,8,177,blocking,0,0,17;50;623;749;838;965;975
3472,289,276,blocking,0,0,941
3473,167,190,blocking,0,0,408
3474,89,246,aligned,0,1,801
3475,367,269,blocking,0,0,317;389;791
3478,384,103,blocking,0,1,107;377;499;516;520;529;552;595;693;746;845
3479,178,262,blocking,0,0,78;408;430;539;697;749;791;822;869
3481,122,297,blocking,0,0,166;195;368;383
3482,220,223,blocking,0,0,294
3483,252,142,blocking,1,0,415
3484,167,294,blocking,0,0,398;408;738;777;822
3485,210,12,blocking,0,0,468
3487,33,132,blocking,0,0,611
3489,33,316,blocking,0,0,247
3490,70,294,blocking,0,0,313
3491,321,445,blocking,0,0,284;332;766
3492,382,198,blocking,0,0,995
3493,132,86,aligned,0,1,797
3494,163,441,blocking,0,0,623
3496,213,95,blocking,0,0,24;833
3497,42,339,blocking,0,0,78;131;156;246;284;377;408;430;457;465;539;749;777;818;822;996
3498,60,323,blocking,0,0,941
3499,50,255,blocking,0,0,294
3500,69,186,blocking,0,0,662
3501,183,357,blocking,1,0,791
3504,8,114,blocking,0,0,430;457
3505,283,91,aligned,0,1,923
3507,94,121,blocking,0,1,246;284;749;822
3508,374,199,aligned,0,1,659
3509,191,248,blocking,0,0,162
3510,40,199,blocking,0,0,284
3511,188,487,aligned,0,1,522
3513,89,291,aligned,0,1,801
3514,249,17,blocking,0,0,280;284;951
3515,42,433,blocking,0,0,78;131;290;408;777
3516,128,445,aligned,0,1,880
3517,198,82,blocking,0,1,813
3518,321,344,blocking,0,0,284
3519,116,222,blocking,0,0,12
3520,85,381,aligned,0,1,940
3521,125,49,aligned,1,1,511
3522,374,440,aligned,0,1,659
3523,167,212,blocking,1,0,408;777
3524,40,344,blocking,0,0,284
3526,112,71,blocking,0,1,9;865
3527,119,350,blocking,0,0,94
3532,224,401,blocking,1,0,611
3533,101,310,blocking,0,1,909
3534,33,73,blocking,1,0,462
3535,283,315,aligned,0,1,923
3538,359,373,aligned,0,1,997
3539,9,310,blocking,0,0,434
3541,178,435,blocking,0,0,408;749;822
3542,356,484,blocking,0,0,294
3543,210,192,blocking,0,0,283
3544,162,442,aligned,0,1,628
3545,29,402,blocking,0,0,237;870
3546,354,103,blocking,0,0,280;284;507;756
3547,119,470,blocking,0,0,94
3548,224,188,blocking,1,0,87;611
3549,167,360,blocking,0,0,408;716;822
3550,283,430,aligned,0,1,37;454;677
3552,8,193,blocking,0,0,298;311;430;749
3553,122,194,blocking,1,0,625
3554,313,448,aligned,0,1,916
3556,362,30,blocking,0,0,966
3557,349,12,aligned,0,1,453
3559,80,30,blocking,0,0,284
3560,277,186,aligned,0,1,367;470
3561,60,30,blocking,0,0,456
3563,82,17,blocking,0,0,17;408;666;697;812;822;975
3565,240,86,blocking,0,1,604
3569,87,82,blocking,0,1,284
3570,317,484,blocking,0,0,312
3571,214,322,blocking,0,0,791
3579,361,169,blocking,0,0,381
3580,64,144,blocking,0,1,295
3583,167,105,blocking,0,0,822
3584,128,310,aligned,0,1,880
3585,359,198,aligned,0,1,599;997
3588,284,445,blocking,0,0,462
3591,40,17,blocking,0,0,284
3592,163,131,blocking,0,0,298;777;965
3596,8,159,blocking,1,0,838
3597,321,121,blocking,0,0,284
3598,264,481,blocking,0,0,763
3601,313,229,aligned,0,1,916
3602,348,435,blocking,0,1,408;749;822
3603,334,278,blocking,0,0,616
3604,338,310,aligned,0,1,930
3606,275,177,blocking,0,0,8;581;690;821
3607,267,111,blocking,0,0,78;408;777;822
3608,60,93,blocking,0,0,456;941
3609,121,322,blocking,0,0,720
3612,267,93,blocking,0,0,78;822
3614,95,339,blocking,0,0,284
3621,43,95,blocking,0,0,188;692
3622,58,256,aligned,0,1,143
3624,94,402,aligned,0,1,27
3626,228,199,blocking,0,0,284
3628,42,49,blocking,1,0,570;749
3629,94,232,blocking,1,1,570
3630,84,192,blocking,0,0,408;539;679;777
3631,267,192,blocking,0,0,78;408;539;679;777;791
3632,178,196,blocking,0,0,869
3633,122,199,blocking,0,0,166;195;368;383;420;492;566
3634,212,190,blocking,0,1,154;282;332;715;745;766
3635,249,111,blocking,0,0,280;356;951
3636,69,192,blocking,0,0,408;679
3637,273,333,blocking,0,0,178
3639,367,17,blocking,0,0,791;869
3640,139,310,blocking,0,1,491
3643,86,177,blocking,0,0,50;623;975
3647,187,74,blocking,0,0,161
3650,78,161,aligned,0,1,111
3652,167,257,blocking,0,0,408;777;822
3654,187,97,blocking,1,0,161;636
3655,367,199,blocking,0,0,791;869
3656,216,368,blocking,0,0,198
3661,132,484,aligned,0,1,797
3662,362,17,blocking,0,0,77;908;966
3663,239,12,blocking,0,1,184
3664,172,1,blocking,0,0,907
3665,69,17,blocking,0,0,408;666;679
3667,187,421,blocking,0,0,148;636
3669,367,387,blocking,0,0,869
3671,216,356,blocking,1,0,618
3672,207,193,blocking,0,0,294
3674,42,199,blocking,0,0,17;66;78;106;284;288;377;408;430;539;570;679;749;818;822
3675,54,97,blocking,1,0,611
3676,191,191,blocking,0,0,925;964
3677,130,199,aligned,0,1,648
3679,362,262,blocking,0,0,966
3680,3,68,blocking,0,0,28
3681,162,400,aligned,0,1,463;582
3682,163,169,blocking,0,0,430;975
3683,228,344,blocking,0,0,284
3686,289,445,blocking,0,0,456
3688,224,417,blocking,1,0,611
3689,334,156,blocking,0,0,82;127;224;365;490;569;615;887;989
3691,50,223,blocking,0,0,294
3692,289,481,blocking,0,0,456;941
3696,82,111,blocking,0,0,408;822
3697,289,209,blocking,1,0,500
3700,50,97,blocking,1,0,294
3702,98,235,blocking,0,0,978
3703,103,164,blocking,0,0,472
3705,50,193,blocking,0,0,294
3706,361,287,blocking,0,0,381
3707,87,121,blocking,0,1,284
3708,367,439,blocking,1,0,385;791
3709,334,282,blocking,0,0,224
3711,137,169,blocking,0,0,460
3712,28,423,blocking,1,0,821
3713,210,327,blocking,0,0,607;695
3716,212,339,aligned,0,1,99;215
3718,59,192,blocking,0,0,863
3719,54,445,blocking,0,0,462
3720,208,476,blocking,0,0,988
3721,367,377,blocking,0,0,869
3725,283,380,aligned,1,1,923
3726,8,95,blocking,0,0,838
3727,8,474,blocking,0,0,944;965
3728,283,12,aligned,0,1,37;211;454;677
3729,122,193,blocking,0,0,166;195;368;566
3732,289,339,blocking,0,0,146;456
3733,183,297,blocking,0,0,457
3734,328,167,aligned,0,1,586;854
3735,267,30,blocking,0,0,78;822
3736,283,187,aligned,0,1,37
3738,374,399,aligned,0,1,659
3741,384,76,blocking,0,1,107
3742,42,190,blocking,0,0,17;78;246;259;377;408;465;697;818
3743,334,35,blocking,1,0,501
3744,267,402,blocking,0,0,17;74;78;106;408;520;539;679;697;749;777;791;822;869;996
3745,226,376,aligned,0,1,2
3746,362,481,blocking,0,0,908;966
3748,64,296,blocking,1,1,295
3749,65,222,aligned,0,1,233
3750,87,339,blocking,0,1,284;777
3751,249,93,blocking,0,0,951
3752,33,20,blocking,1,0,247
3754,167,435,blocking,0,0,408;822
3755,258,103,blocking,0,1,209;334
3757,167,103,blocking,0,0,21;284;398;408;738;777;822;996
3758,252,352,blocking,1,0,415
3760,42,443,blocking,0,0,78;290;679;697;777
3761,67,116,blocking,0,0,462
3762,214,190,blocking,0,0,791
3763,178,190,blocking,0,0,17;78;408;697;791
3764,87,443,blocking,0,1,777
3765,60,146,blocking,0,0,423;456
3766,169,27,blocking,0,1,741
3767,344,134,aligned,0,1,168
3769,269,169,blocking,0,0,732
3772,275,191,blocking,0,0,119;821
3773,71,63,aligned,1,1,810
3774,283,463,aligned,0,1,923
3778,213,327,blocking,0,0,24
3779,13,71,blocking,0,0,178
3780,26,17,blocking,0,0,493
3782,116,322,blocking,0,0,720;959
3783,216,181,blocking,1,0,36
3784,128,442,blocking,0,1,780
3785,356,62,blocking,0,0,294
3786,334,473,blocking,1,0,501
3787,73,357,blocking,1,0,791
3788,210,294,blocking,0,0,159;283;704;772;859
3789,233,12,aligned,0,1,904
3790,317,186,blocking,0,0,312
3791,128,136,aligned,0,1,880
3793,207,259,blocking,0,0,294
3795,116,169,blocking,0,0,559
3800,67,5,blocking,0,0,462
3802,345,236,blocking,0,0,33
3803,73,177,blocking,0,0,791
3804,214,402,blocking,0,0,284;777;791
3806,305,121,blocking,0,0,284
3807,69,121,blocking,0,0,749
3808,3,257,blocking,0,0,798
3810,210,169,blocking,0,0,283
3812,121,54,blocking,0,0,720
3813,95,121,blocking,0,0,284
3814,240,400,aligned,0,1,271
3815,154,314,blocking,0,0,877
3816,275,423,blocking,1,0,821
3817,50,428,blocking,0,0,294
3818,228,445,blocking,0,0,284
3819,94,199,blocking,0,1,17;66;106;284;288;408;430;539;570;679;749;822
3820,42,390,blocking,0,0,968
3822,216,141,blocking,0,0,198
3823,54,15,blocking,0,0,462
3825,178,433,blocking,0,0,78;408;777
3826,304,384,blocking,1,0,575
3829,267,201,blocking,0,0,777;822
3830,207,295,blocking,0,0,294
3833,289,146,blocking,0,0,423;456
3835,298,445,aligned,0,1,535
3836,82,250,blocking,0,0,822
3837,167,134,blocking,0,0,114
3838,84,17,blocking,0,0,17;408;430;539;666;679;697;777;838;975
3840,163,435,blocking,0,0,33;225;623
3843,142,103,blocking,0,1,828
3844,55,249,blocking,0,0,591
3845,26,192,blocking,0,0,493
3846,167,30,blocking,0,0,284;822
3847,147,214,aligned,0,1,164
3848,327,198,blocking,0,0,51
3849,338,315,aligned,0,1,351;754;930
3851,212,222,blocking,0,1,101;282;332
3852,310,95,aligned,0,1,341
3853,267,481,blocking,0,0,17;78;391;408;697;749;777;822;869
3855,345,76,blocking,0,0,749
3857,172,192,blocking,0,0,907
3860,85,315,aligned,0,1,630;940
3862,122,192,blocking,0,0,368;566
3863,8,222,blocking,0,0,33;749;838
3865,55,421,blocking,0,0,474;591
3866,367,186,blocking,0,0,869
3870,348,322,blocking,0,1,408;539;822
3872,328,151,aligned,0,1,586;761
3873,84,224,blocking,0,0,17;777
3874,163,222,blocking,0,0,33;777
3875,65,432,aligned,0,1,357
3876,64,345,blocking,0,1,295
3878,187,151,blocking,0,0,148;161
3879,82,191,blocking,0,0,637;812
3880,147,476,aligned,0,1,164;814
3881,214,318,blocking,0,0,791
3883,178,293,blocking,0,0,430
3884,220,253,blocking,0,0,294
3885,207,312,blocking,0,0,294
3886,341,199,aligned,0,1,353;722
3889,33,359,blocking,0,0,462
3890,297,412,blocking,0,0,1002
3892,367,358,blocking,1,0,428
3893,220,437,blocking,0,0,294
3895,94,250,blocking,0,1,822
3896,183,212,blocking,1,0,441
3899,258,420,aligned,0,1,459
3900,384,93,blocking,0,1,552
3902,359,438,aligned,0,1,599;997
3907,214,445,blocking,0,0,284;777;791
3909,42,441,blocking,0,0,570
3910,191,262,blocking,0,0,218;609;964
3914,33,411,blocking,1,0,611;938
3915,356,86,blocking,0,0,294
3916,338,327,aligned,0,1,351;930
3918,84,360,blocking,0,0,408;539;559;679;716
3920,128,49,aligned,1,1,31;34;171;318;511;810;880;986
3921,289,138,blocking,1,0,456
3922,178,257,blocking,0,0,78;408;457;777;822
3924,53,432,blocking,0,1,528
3925,189,310,aligned,0,1,981
3926,377,432,blocking,0,0,888
3928,362,192,blocking,0,0,966
3929,249,481,blocking,0,0,154;284;356;951
3930,54,254,blocking,0,0,462
3931,189,212,aligned,1,1,242;318
3932,305,30,blocking,0,0,284
3934,169,26,blocking,0,1,10;62;69;104;230;393;564;686;741;747;758;793;918;931;935
3935,33,156,blocking,0,0,462
3937,207,413,blocking,0,0,294
3938,162,194,blocking,1,1,20;151;656
3939,68,190,blocking,0,0,267
3940,251,322,aligned,0,1,397
3941,82,333,blocking,0,0,822
3942,367,369,blocking,0,0,791
3943,384,146,blocking,0,1,107;377;693
3946,297,32,blocking,0,0,817;928;1002
3947,334,343,blocking,1,0,501
3949,247,486,aligned,0,1,173
3950,60,77,blocking,0,0,941
3951,84,76,blocking,0,0,749
3953,28,463,blocking,0,0,690;821
3954,82,481,blocking,0,0,17;408;697;822
3955,220,95,blocking,0,0,294
3956,50,413,blocking,0,0,294
3957,165,209,blocking,1,0,500
3959,290,402,blocking,0,0,334
3960,89,199,aligned,0,1,801
3961,100,433,blocking,0,0,674
3962,178,443,blocking,0,0,78;679;697;777
3963,354,199,blocking,0,0,284
3964,374,402,aligned,0,1,659
3967,128,297,aligned,0,1,810;880
3971,42,357,blocking,1,0,246;408;539;822
3972,86,17,blocking,0,0,311;430;944;975
3973,356,413,blocking,0,0,294
3974,84,199,blocking,0,0,17;408;430;539;679;749;838
3976,163,433,blocking,0,0,777
3977,216,85,blocking,0,0,429
3979,313,57,aligned,1,1,916
3980,337,350,blocking,0,0,591
3981,348,87,blocking,1,1,570
3982,82,344,blocking,0,0,40;408;822
3983,16,259,blocking,0,1,452
3984,16,64,blocking,0,1,991
3986,296,113,aligned,0,1,213
3987,338,360,aligned,0,1,351
3989,122,294,blocking,0,0,166;195;368;383
3991,54,211,blocking,1,0,611
3992,84,216,blocking,0,0,11;203;408;430;539;559;697;716;749;777;838;996
3994,26,165,blocking,0,0,493
3996,33,142,blocking,1,0,611
3997,220,193,blocking,0,0,294
3998,20,314,blocking,0,0,915
4001,67,491,blocking,0,0,165;462
4002,147,262,aligned,0,1,505
4003,121,134,blocking,0,0,720
4004,207,310,blocking,0,0,294
4005,356,112,blocking,0,0,294
4006,88,360,blocking,0,0,394;658
4007,289,190,blocking,0,0,456
4009,60,361,blocking,0,0,456
4010,147,384,aligned,1,1,164
4011,354,111,blocking,0,0,280
4016,367,169,blocking,0,0,317;385;791;869
4017,313,189,aligned,0,1,916
4019,210,186,blocking,0,0,14;468;607;635;719;772;866;893;894
4020,321,443,blocking,0,0,332
4022,50,95,blocking,0,0,294
4024,249,169,blocking,0,0,284
4026,348,339,blocking,0,1,78;131;246;284;408;430;465;539;749;777;822;996
4027,321,339,blocking,0,0,284;332
4031,356,428,blocking,0,0,294
4033,163,443,blocking,0,0,777
4035,77,86,blocking,0,0,293
4036,128,290,aligned,1,1,986
4037,212,9,aligned,0,1,99;215;411
4038,240,195,blocking,1,1,699
4039,370,263,blocking,0,0,598
4040,42,131,blocking,0,0,17;78;131;246;290;298;377;539;570;679;777;818;822
4041,8,160,blocking,0,0,298;749;965
4042,352,247,aligned,1,1,386
4044,310,310,aligned,0,1,341
4045,289,420,blocking,0,0,423
4047,60,203,blocking,0,0,456
4049,334,37,blocking,0,0,161
4050,69,486,blocking,0,0,408
4051,178,486,blocking,0,0,408;777;822
4052,356,287,blocking,0,0,294
4056,367,113,blocking,0,0,317;791
4058,136,199,blocking,0,0,308
4059,240,206,blocking,0,1,699
4060,240,187,aligned,0,1,271
4061,345,472,blocking,0,0,944;965
4062,33,97,blocking,1,0,611
4063,50,87,blocking,1,0,294
4064,187,92,blocking,0,0,148;161;226;359;458;636;691
4065,60,200,blocking,0,0,456
4067,224,139,blocking,0,0,611
4069,167,322,blocking,0,0,408;822
4070,338,377,aligned,0,1,351
4071,89,127,aligned,0,1,801
4072,187,412,blocking,0,0,636
4074,64,282,blocking,0,1,295
4076,267,216,blocking,0,0,11;78;106;203;408;539;559;637;697;716;749;777;791;822;838;869;996
4078,334,95,blocking,0,0,127;224;442;569;615;887;953;989
4079,251,487,aligned,0,1,179;397
4083,220,268,blocking,0,0,294
4085,73,445,blocking,0,0,791
4086,82,322,blocking,0,0,408;812;822
4087,173,169,blocking,0,0,460
4088,345,160,blocking,0,0,120;298;749;965
4089,94,110,blocking,0,1,430;749
4090,334,398,blocking,0,0,224
4091,251,167,aligned,0,1,799
4092,289,224,blocking,0,0,456
4093,214,422,blocking,0,0,791
4094,122,382,blocking,0,0,166;368;420;492
4095,284,195,blocking,1,0,462
4097,210,103,blocking,0,0,258;283;772
4099,277,487,aligned,0,1,470
4100,289,302,blocking,0,0,456
4103,28,360,blocking,0,0,821
4110,273,387,blocking,0,0,178
4111,377,360,blocking,0,0,888
4113,249,30,blocking,0,0,284;951
4114,77,262,blocking,0,0,254
4115,3,445,blocking,0,0,798
4117,84,449,blocking,1,0,408
4118,187,263,blocking,0,0,161
4119,187,392,blocking,0,0,636
4120,56,9,blocking,0,0,444
4121,55,465,blocking,1,0,591
4122,348,169,blocking,0,1,284;408;430;539;570;679;749;822;975
4123,57,295,aligned,0,1,617
4125,163,110,blocking,0,0,430
4126,128,366,aligned,0,1,880
4127,379,310,blocking,0,0,905
4131,3,487,blocking,0,0,113
4133,178,212,blocking,1,0,408;441;666;749;777
4134,50,86,blocking,0,0,294
4136,163,93,blocking,0,0,225
4137,167,222,blocking,0,0,408;777;822
4138,74,327,aligned,0,1,320;541
4140,7,295,aligned,0,1,556
4142,178,165,blocking,0,0,78;749
4143,268,212,aligned,1,1,902
4144,304,444,blocking,1,0,575
4147,267,273,blocking,0,0,78
4149,132,96,aligned,0,1,797
4150,122,273,blocking,0,0,166;420;492
4152,362,357,blocking,1,0,77
4154,273,314,blocking,0,0,178
4155,50,312,blocking,0,0,294
4157,94,297,blocking,0,1,17;246;290;408;430;539;570;697
4158,214,433,blocking,0,0,777
4161,362,199,blocking,0,0,707;908;966
4162,289,192,blocking,0,0,146;456
4164,169,421,blocking,0,1,69;230
4165,341,103,aligned,0,1,722
4167,212,111,aligned,0,1,99;175;215;217;411
4168,326,192,blocking,0,0,279
4169,94,212,blocking,1,1,408;441;570;666;749;777
4170,74,95,aligned,0,1,541
4171,275,200,blocking,0,0,8
4172,348,177,blocking,0,1,17;66;246;284;408;570;679;749;777;822;975
4174,359,486,aligned,0,1,997
4175,81,401,blocking,1,0,788
4176,128,344,aligned,0,1,880
4179,98,439,blocking,1,0,978
4180,297,186,blocking,0,0,1002
4182,169,6,blocking,0,1,62;393;686;747;918
4183,94,93,blocking,0,1,246;570;822
4184,350,71,blocking,0,0,178
4185,283,389,aligned,0,1,923
4186,269,191,blocking,0,0,732
4187,252,401,blocking,1,0,415
4188,289,350,blocking,0,0,456
4189,87,486,blocking,0,1,777
4190,191,322,blocking,0,0,964
4191,167,184,blocking,0,0,408
4192,54,359,blocking,0,0,462
4193,255,104,blocking,0,0,65
4194,321,76,blocking,0,0,487
4195,86,62,blocking,0,0,430
4196,42,350,blocking,0,0,78;246;377;408;818;822
4197,87,199,blocking,0,1,284;288
4199,240,198,aligned,0,1,271
4200,25,131,blocking,0,0,843
4201,80,82,blocking,0,0,284
4203,207,61,blocking,0,0,294
4204,216,451,blocking,1,0,331;618;655
4206,172,262,blocking,0,0,907
4207,42,201,blocking,0,0,246;377;777;822
4208,384,169,blocking,0,1,107
4209,42,105,blocking,0,0,822
4210,71,9,aligned,0,1,810
4212,334,421,blocking,0,0,224;371
4214,71,87,aligned,1,1,810
4217,267,453,blocking,0,0,17;777;869
4218,328,161,aligned,0,1,761
4220,169,310,blocking,0,1,747;931
4221,212,341,blocking,0,1,284;745
4222,275,121,blocking,0,0,821
4223,251,75,aligned,0,1,397
4226,60,190,blocking,0,0,456
4227,84,413,blocking,0,0,577
4231,283,54,aligned,0,1,677
4232,116,468,blocking,1,0,826
4237,183,422,blocking,0,0,791
4240,42,224,blocking,0,0,17;246;290;777
4242,26,122,blocking,1,0,493
4243,69,357,blocking,1,0,408
4245,86,293,blocking,0,0,430
4248,178,62,blocking,0,0,78;430;869
4251,73,169,blocking,0,0,791
4252,187,91,blocking,0,0,161
4254,82,257,blocking,0,0,408;457;822
4256,86,114,blocking,0,0,430;457
4257,2,186,blocking,0,1,841
4258,359,103,aligned,0,1,997
4260,70,169,blocking,0,0,759
4262,328,412,aligned,0,1,586;761
4263,289,17,blocking,0,0,338;456
4266,348,146,blocking,0,1,66;246;408;539;570;749;822
4267,87,30,blocking,0,1,284
4271,60,447,blocking,0,0,423
4272,212,350,blocking,0,1,38;101;280;282;356;593;715;745;766;942;951
4275,239,167,blocking,0,1,342
4277,119,402,blocking,0,0,228;669
4278,169,96,blocking,0,1,230
4279,283,478,aligned,1,1,923
4283,348,250,blocking,0,1,822
4285,359,39,aligned,0,1,103
4286,234,161,aligned,0,1,124
4287,384,201,blocking,0,1,377
4288,267,310,blocking,0,0,838;869
4290,50,13,blocking,0,0,294
4291,116,377,blocking,0,0,826
4292,82,287,blocking,0,0,812
4293,128,250,aligned,0,1,880
4294,100,82,blocking,0,0,674
4295,325,169,blocking,0,0,651
4297,33,356,blocking,1,0,611
4299,42,262,blocking,0,0,78;120;131;246;284;377;408;430;465;539;697;749;818;822
4301,69,481,blocking,0,0,408;749
4302,361,112,blocking,0,0,381
4303,367,103,blocking,0,0,317;791;869
4304,212,470,aligned,0,1,217
4305,40,350,blocking,0,0,942
4308,84,169,blocking,0,0,203;255;408;430;539;559;679;716;749;975
4313,187,432,blocking,0,0,161
4314,332,484,aligned,0,1,639
4315,313,177,aligned,0,1,916
4316,84,350,blocking,0,0,408
4317,267,146,blocking,0,0,66;408;539;749;822;869
4318,188,167,aligned,0,1,522;799
4320,54,142,blocking,1,0,611
4323,267,17,blocking,0,0,17;66;78;106;408;539;679;697;777;791;822;838;869;975
4324,9,12,blocking,0,0,434
4326,54,41,blocking,1,0,611
4329,283,131,aligned,0,1,37
4330,3,121,blocking,0,0,798
4332,345,62,blocking,0,0,430
4333,300,487,aligned,0,1,594
4335,88,370,blocking,1,0,658
4337,360,86,blocking,0,0,909
4339,249,199,blocking,0,0,154;284;951
4341,178,237,blocking,0,0,822;869
4342,89,230,aligned,0,1,801
4344,67,445,blocking,0,0,462
4345,321,1,blocking,0,0,487
4346,249,262,blocking,0,0,284
4347,178,42,blocking,0,0,78
4348,281,103,blocking,0,0,284
4350,361,190,blocking,0,0,381
4352,362,190,blocking,0,0,707;908
4353,214,30,blocking,0,0,284
4355,345,177,blocking,0,0,50;623;749;777;965;975
4356,16,302,blocking,0,1,362;373;452;991
4357,212,76,blocking,0,1,282;593;715;745
4358,94,402,blocking,0,1,17;74;106;120;131;246;284;311;408;430;520;539;666;679;697;749;777;822;921;996
4359,283,186,aligned,0,1,37;133;211;454;536;543;579;677;923;947
4360,167,443,blocking,0,0,777
4362,54,132,blocking,0,0,611
4363,128,341,aligned,0,1,810
4364,248,103,blocking,0,0,669
4365,289,203,blocking,0,0,456
4368,220,61,blocking,0,0,294
4369,383,360,blocking,0,0,603
4370,258,314,blocking,0,1,915
4371,350,391,blocking,0,0,178
4373,82,121,blocking,0,0,822
4374,167,121,blocking,0,0,21;284;738;822
4375,94,112,blocking,0,1,408
4377,116,339,blocking,0,0,12;959
4378,212,486,blocking,0,1,282;332;683;745;766
4380,264,186,blocking,0,0,544
4381,187,402,blocking,0,0,161
4383,256,314,blocking,0,0,178;912
4384,220,428,blocking,0,0,294
4385,187,12,blocking,0,0,161
4386,116,12,blocking,0,0,720
4389,384,402,aligned,0,1,361
4390,359,221,aligned,1,1,997
4391,356,13,blocking,0,0,294
4392,275,109,blocking,1,0,581
4395,354,350,blocking,0,0,280
4396,191,112,blocking,0,0,964
4398,33,193,blocking,0,0,938
4403,8,195,blocking,1,0,838
4404,334,141,blocking,0,0,161
4405,94,17,aligned,0,1,27
4408,367,436,blocking,0,0,791
4409,304,343,blocking,1,0,315;575
4410,207,231,blocking,0,0,294
4411,54,26,blocking,0,0,462
4418,94,62,blocking,0,1,430
4419,69,350,blocking,0,0,408
4420,267,121,blocking,0,0,78;749;822
4422,178,224,blocking,0,0,17;777;869
4423,86,82,blocking,0,0,457
4424,165,436,blocking,0,0,500
4425,100,93,blocking,0,0,674
4426,26,322,blocking,0,0,493
4428,64,124,blocking,0,1,295
4429,187,484,blocking,0,0,161;501
4434,50,61,blocking,0,0,294
4435,82,30,blocking,0,0,822
4436,348,273,blocking,0,1,78
4438,283,95,aligned,0,1,37;454;677;837;923
4440,356,103,blocking,0,0,209
4441,384,357,blocking,1,1,107
4442,187,182,blocking,0,0,148;359;636;691
4443,40,212,blocking,1,0,441
4444,42,232,blocking,1,0,570
4446,356,268,blocking,0,0,294
4447,42,293,blocking,0,0,430
4451,251,187,aligned,0,1,397
4453,60,420,blocking,0,0,423
4454,362,370,blocking,1,0,908
4455,84,402,blocking,0,0,17;74;408;430;520;539;666;679;697;749;777;996
4456,86,257,blocking,0,0,298;457
4458,216,454,blocking,0,0,36
4460,356,383,blocking,0,0,294
4461,334,233,blocking,0,0,501
4463,191,199,blocking,0,0,964
4464,249,445,blocking,0,0,284
4466,84,445,blocking,0,0,17;408;430;539;666;777;806
4468,94,169,blocking,0,1,284;408;430;539;570;679;749;822;975
4470,334,74,blocking,0,0,161;868
4473,3,112,blocking,0,0,28;339;798
4474,33,26,blocking,0,0,462
4475,187,436,blocking,0,0,161
4476,82,360,blocking,0,0,408;559;716;812;822;949
4477,8,297,blocking,0,0,17;430;457;965
4478,212,193,blocking,0,1,332;745
4479,84,235,blocking,0,0,408;430;679;749;996
4480,187,195,blocking,1,0,149
4481,281,169,blocking,0,0,284
4482,249,82,blocking,0,0,284
4484,33,212,blocking,1,0,247
4486,334,203,blocking,0,0,82
4488,32,6,blocking,0,0,406
4489,264,350,blocking,0,0,763
4491,348,257,blocking,0,1,78;290;298;408;570;777;822
4492,162,38,aligned,1,1,628
4493,60,444,blocking,1,0,456
4494,334,251,blocking,0,0,224
4495,53,310,blocking,0,1,528
4498,154,436,blocking,0,0,877
4499,239,96,blocking,0,1,342
4500,89,402,aligned,0,1,801
4501,84,95,blocking,0,0,838
4502,112,436,blocking,0,1,865
4504,268,167,aligned,0,1,902
4505,266,488,blocking,0,1,126
4507,178,339,blocking,0,0,78;408;430;457;539;749;777;822;838;869;996
4508,71,357,aligned,1,1,810
4509,216,330,blocking,1,0,655
4510,28,21,blocking,0,0,821
4512,28,339,blocking,0,0,821
4514,163,474,blocking,0,0,944;965
4516,251,200,aligned,0,1,397
4517,210,199,blocking,0,0,258;283
4518,334,490,blocking,0,0,161
4522,220,12,blocking,0,0,294
4523,208,95,blocking,0,0,115
4524,69,193,blocking,0,0,408;749
4525,103,26,blocking,0,0,62;189;472
4526,367,162,blocking,1,0,869
4527,210,9,blocking,0,0,772
4528,313,198,aligned,0,1,916
4530,122,402,blocking,0,0,166;195;236;368;383;492;566
4532,348,422,blocking,0,1,679
4533,356,198,blocking,0,0,294
4534,338,27,aligned,0,1,351
4535,122,76,blocking,0,0,383;566
4537,187,490,blocking,0,0,161
4538,128,486,aligned,0,1,810;880
4540,187,29,blocking,0,0,636
4541,94,293,blocking,0,1,430
4542,50,310,blocking,0,0,294
4543,82,402,blocking,0,0,17;74;403;408;520;666;697;822
4544,82,114,blocking,0,0,457
4547,334,310,blocking,0,0,127;149;501;616
4548,189,449,aligned,1,1,318
4551,60,107,blocking,0,0,941
4553,79,344,blocking,0,0,284
4556,100,199,blocking,0,0,674
4557,280,295,blocking,0,0,277
4558,321,199,blocking,0,0,154;284;332;796;951
4559,86,262,blocking,0,0,225;430
4561,69,422,blocking,0,0,679
4562,42,370,blocking,1,0,377
4564,95,177,blocking,0,0,284
4565,81,310,blocking,0,0,788
4566,42,160,blocking,0,0,78;120;246;298;377;749;822
4569,60,287,blocking,0,0,423
4570,207,490,blocking,0,0,294
4572,86,236,blocking,0,0,33
4573,347,322,aligned,0,1,588
4575,297,333,blocking,0,0,1002
4577,128,319,aligned,1,1,986
4578,289,112,blocking,0,0,22;423;456
4581,167,344,blocking,0,0,284;408;822
4582,334,483,blocking,0,0,616
4583,187,156,blocking,0,0,148;150;636;691
4585,382,108,blocking,0,0,995
4586,334,244,blocking,1,0,224
4589,214,212,blocking,1,0,777
4590,384,177,blocking,0,1,107;377;552;595
4591,234,194,aligned,1,1,124
4592,69,402,blocking,0,0,408;666;679;749
4593,377,322,blocking,0,0,888
4596,75,333,blocking,0,0,178
4598,187,28,blocking,0,0,161
4599,94,111,blocking,0,1,246;298;408;777;822
4600,275,112,blocking,0,0,821
4601,82,339,blocking,0,0,408;457;822
4602,169,484,blocking,0,1,10;230;393
4603,118,315,aligned,0,1,898
4604,267,194,blocking,1,0,869
4605,128,192,aligned,0,1,880
4607,297,259,blocking,0,0,701;817;928;1002
4608,40,177,blocking,0,0,284
4609,42,17,blocking,0,0,17;66;78;106;131;246;284;290;311;377;408;430;539;570;666;679;697;777;818;822;975
4613,356,212,blocking,1,0,294
4615,267,435,blocking,0,0,408;749;822
4617,16,177,blocking,0,1,452
4619,290,131,blocking,0,0,334
4621,339,310,blocking,0,0,540
4623,267,42,blocking,0,0,78
4624,220,62,blocking,0,0,294
4625,284,386,blocking,1,0,462
4626,356,131,blocking,0,0,294
4628,163,62,blocking,0,0,430
4629,361,209,blocking,1,0,381
4631,359,75,aligned,0,1,997
4632,348,232,blocking,1,1,570
4633,283,22,aligned,0,1,923
4634,275,161,blocking,0,0,821
4635,313,202,aligned,0,1,916
4636,384,93,aligned,0,1,175
4637,94,449,blocking,1,1,408
4639,220,374,blocking,0,0,294
4640,94,102,blocking,0,1,679
4641,169,439,blocking,1,1,10
4642,89,282,aligned,0,1,801
4643,191,193,blocking,0,0,964
4644,50,450,blocking,0,0,294
4645,79,121,blocking,0,0,284
4647,40,402,blocking,0,0,284
4649,50,103,blocking,0,0,209;334
4650,269,262,blocking,0,0,732
4651,264,193,blocking,0,0,675
4654,367,339,blocking,0,0,791;869
4655,89,310,aligned,0,1,801
4657,267,198,blocking,0,0,869
4658,334,28,blocking,0,0,161
4659,81,186,blocking,0,0,788
4660,79,30,blocking,0,0,284
4661,42,212,blocking,1,0,408;441;570;666;749;777
4662,247,169,aligned,0,1,897
4663,73,199,blocking,0,0,791
4664,334,196,blocking,0,0,616
4665,61,26,blocking,0,0,189
4666,338,488,aligned,0,1,754
4667,169,194,blocking,1,1,230
4668,189,198,aligned,0,1,981
4670,33,465,blocking,1,0,425;462
4671,267,333,blocking,0,0,822
4672,50,212,blocking,1,0,294
4674,82,276,blocking,0,0,114;844
4675,16,333,blocking,0,1,362;452
4678,84,344,blocking,0,0,408;749
4679,249,65,blocking,0,0,280
4680,214,121,blocking,0,0,284
4682,258,402,blocking,0,1,209;334
4684,54,116,blocking,0,0,462
4686,212,170,aligned,0,1,99;824
4687,191,69,blocking,0,0,925
4691,361,177,blocking,0,0,381
4692,84,62,blocking,0,0,430
4693,178,217,blocking,0,0,408;777;822
4695,183,318,blocking,0,0,791
4698,42,62,blocking,0,0,78;430
4700,266,62,blocking,0,1,126
4701,26,323,blocking,0,0,493
4702,328,95,aligned,0,1,761
4703,220,112,blocking,0,0,294
4704,116,82,blocking,0,0,12
4707,313,34,aligned,0,1,916
4708,81,103,blocking,0,0,788
4711,267,103,blocking,0,0,17;78;408;520;539;679;697;749;777;791;822;869;975;996
4712,354,402,blocking,0,0,280;284;507
4715,49,87,blocking,1,0,619
4719,84,186,blocking,0,0,838
4721,128,31,aligned,0,1,880
4723,79,82,blocking,0,0,284
4724,283,448,aligned,0,1,923
4726,54,401,blocking,1,0,611
4729,178,186,blocking,0,0,838;869
4730,267,443,blocking,0,0,78;679;697;777
4732,80,17,blocking,0,0,284
4733,207,97,blocking,1,0,294
4735,103,86,blocking,0,0,189;472
4736,178,377,blocking,0,0,822;869
4737,128,323,aligned,0,1,880
4739,8,93,blocking,0,0,225
4741,40,103,blocking,0,0,284;942
4742,321,402,blocking,0,0,154;280;284;291;332;487;507;683;766;921;951;985
4743,128,30,aligned,0,1,880
4744,334,444,blocking,1,0,224
4745,220,227,blocking,0,0,294
4746,319,304,blocking,0,0,65
4747,33,295,blocking,0,0,827
4748,87,103,blocking,0,1,284;520;529;777
4749,283,256,aligned,0,1,37;677;923
4751,214,350,blocking,0,0,791
4752,8,76,blocking,0,0,749
4753,54,407,blocking,1,0,611
4754,338,421,aligned,0,1,200
4755,214,344,blocking,0,0,284
4756,212,146,blocking,0,1,745
4759,147,364,aligned,0,1,164;426
4760,357,245,blocking,0,0,286;316
4761,384,481,aligned,0,1,175;345
4766,178,93,blocking,0,0,78;822
4767,212,224,blocking,0,1,282;332
4768,8,472,blocking,0,0,944;965
4770,3,186,blocking,0,0,113;798
4771,359,43,aligned,0,1,599
4773,128,63,aligned,1,1,810;880
4774,356,61,blocking,0,0,294
4775,42,121,blocking,0,0,78;246;284;377;749;818;822
4777,167,169,blocking,0,0,114;284;408;716;822
4778,73,112,blocking,0,0,791
4779,68,360,blocking,0,0,267;949
4780,367,262,blocking,0,0,791;869
4782,283,102,aligned,0,1,37
4783,49,130,blocking,1,0,619
4784,367,294,blocking,0,0,385;791;869
4786,29,169,blocking,0,0,114
4788,112,259,blocking,0,1,445
4792,359,310,aligned,0,1,557;599;997
4793,283,420,aligned,0,1,37;133;211;454;677
4795,50,331,blocking,0,0,294
4796,69,445,blocking,0,0,408;666
4797,84,262,blocking,0,0,408;430;534;539;697;749
4799,64,260,blocking,0,1,295
4800,212,193,aligned,0,1,99;215;217
4801,282,159,blocking,1,0,605
4802,3,310,blocking,0,0,798
4804,337,249,blocking,0,0,591
4806,374,455,aligned,0,1,659
4807,178,201,blocking,0,0,777;822
4809,167,339,blocking,0,0,284;408;777;822;996
4814,374,344,aligned,0,1,659
4815,350,314,blocking,0,0,178
4817,8,165,blocking,0,0,749
4821,289,82,blocking,0,0,146;456;941
4822,147,408,aligned,0,1,30;164;314;343;426;505;680;814
4823,67,465,blocking,1,0,425;462
4824,116,87,blocking,1,0,826
4826,214,112,blocking,0,0,791
4827,32,322,blocking,0,0,963
4828,178,341,blocking,0,0,17;78;408;822
4829,334,347,blocking,0,0,161
4830,224,284,blocking,1,0,611
4832,374,52,aligned,0,1,659
4833,275,287,blocking,0,0,8;690;821
4834,321,131,blocking,0,0,154;332;766;951
4838,362,402,blocking,0,0,77;404;707;778;908;966
4840,212,486,aligned,0,1,99;215
4841,214,169,blocking,0,0,284;791
4842,345,49,blocking,1,0,749
4844,264,222,blocking,0,0,324;544;622;675;851
4848,223,318,blocking,0,0,114
4849,144,262,blocking,0,0,334
4850,210,229,blocking,0,0,283
4851,281,121,blocking,0,0,284
4853,121,169,blocking,0,0,559
4855,144,402,blocking,0,0,334
4856,213,241,blocking,0,0,24
4857,162,400,blocking,0,1,466
4858,20,262,blocking,0,0,334
4859,334,381,blocking,0,0,616
4860,220,259,blocking,0,0,294
4863,304,49,blocking,1,0,575
4865,34,469,aligned,0,1,41
4866,178,169,blocking,0,0,255;408;430;539;559;679;716;749;791;822;869;975
4867,64,303,blocking,1,1,295
4868,367,310,blocking,0,0,791;869
4869,47,186,blocking,0,0,468
4873,212,107,aligned,0,1,99
4874,69,82,blocking,0,0,408;749
4875,356,259,blocking,0,0,294
4876,334,404,blocking,0,0,161
4877,94,344,blocking,0,1,106;246;284;408;570;749;822
4878,374,103,aligned,0,1,659
4879,165,165,blocking,0,0,418
4880,60,350,blocking,0,0,456
4881,187,339,blocking,0,0,501
4883,84,339,blocking,0,0,408;430;457;539;749;777;838;996
4886,163,339,blocking,0,0,430;457;777
4890,165,360,blocking,0,0,418
4892,60,191,blocking,0,0,423;456
4893,212,103,blocking,0,1,38;101;154;192;239;258;280;282;284;291;306;332;337;356;363;390;421;507;555;593;694;712;715;745;756;766;921;929;942;951
4897,8,17,blocking,0,0,17;311;430;838;944;965;975
4900,167,449,blocking,1,0,408
4903,228,169,blocking,0,0,284
4904,59,443,blocking,0,0,863
4905,384,350,blocking,0,1,107;377
4907,338,256,aligned,0,1,351;754;930
4908,167,177,blocking,0,0,114;284;398;408;738;777;822
4909,214,224,blocking,0,0,777
4910,207,390,blocking,0,0,294
4911,29,103,blocking,0,0,237;828;870;998
4914,121,82,blocking,0,0,12
4917,375,75,blocking,0,1,576
4918,53,212,aligned,1,1,486
4919,22,209,aligned,1,1,901
4920,98,401,blocking,1,0,978
4921,26,436,blocking,0,0,493
4925,341,402,aligned,0,1,353;722
4926,26,439,blocking,1,0,493
4927,338,43,aligned,0,1,351;754
4929,210,3,blocking,0,0,695
4930,284,15,blocking,0,0,462
4931,207,12,blocking,0,0,294
4932,374,86,aligned,0,1,659
4933,304,197,blocking,1,0,575
4935,119,103,blocking,0,0,669
4937,94,433,blocking,0,1,131;290;408;777
4939,95,402,blocking,0,0,284
4940,16,400,blocking,0,1,373;452
4941,359,377,aligned,0,1,103;997
4942,212,443,blocking,0,1,332;745
4943,374,445,aligned,0,1,659
4944,79,199,blocking,0,0,284
4946,210,131,blocking,0,0,283;772
4947,313,150,aligned,0,1,916
4948,187,332,blocking,0,0,150
4949,210,39,blocking,0,0,14;123;607;635;894
4950,212,262,aligned,0,1,824
4951,89,250,aligned,0,1,801
4952,8,184,blocking,0,0,225;298;623;944;965
4955,81,402,blocking,0,0,788
4958,283,212,aligned,1,1,37;677
4960,267,315,blocking,0,0,869
4962,71,360,aligned,0,1,810
4963,212,445,blocking,0,1,282;284;332;745;766
4964,7,181,aligned,1,1,725
4965,74,398,aligned,0,1,541
4966,3,167,blocking,0,0,798
4968,207,381,blocking,0,0,294
4972,55,137,blocking,0,0,591
4974,214,222,blocking,0,0,777;791
4976,348,60,blocking,0,1,430
4978,207,383,blocking,0,0,294
4979,13,333,blocking,0,0,178
4980,128,153,aligned,0,1,810;880;986
4981,240,377,aligned,0,1,271
4982,348,341,blocking,0,1,17;78;131;246;284;408;570;822
4983,328,310,aligned,0,1,96;761
4984,348,360,blocking,0,1,408;539;570;679;822
4986,289,458,blocking,0,0,456
4988,2,375,blocking,0,1,841
4991,54,448,blocking,0,0,611
4993,289,200,blocking,0,0,456
4996,345,114,blocking,0,0,430;457
4998,267,294,blocking,0,0,78;408;777;791;822;869
5001,242,383,blocking,0,0,227
5004,167,262,blocking,0,0,284;408;822
5006,359,430,aligned,0,1,599
5008,178,17,blocking,0,0,17;78;106;408;430;539;666;679;697;777;791;822;838;869;975
5011,267,212,blocking,1,0,408;749;777
5013,85,95,aligned,0,1,994
5014,339,244,blocking,1,0,349
5015,264,190,blocking,0,0,622
5016,28,39,blocking,0,0,821
5017,187,414,blocking,1,0,161
5018,382,419,blocking,0,0,995
5020,67,73,blocking,1,0,462
5023,178,350,blocking,0,0,78;408;791;822
5024,348,224,blocking,0,1,17;246;290;777
5026,216,468,blocking,1,0,618
5031,276,169,blocking,0,1,460
5033,212,470,blocking,0,1,101;282;715;951
5034,214,82,blocking,0,0,284;791
5035,267,162,blocking,1,0,869
5036,348,486,blocking,0,1,246;408;777;822
5037,67,195,blocking,1,0,462
5038,313,11,aligned,1,1,916
5040,94,222,blocking,0,1,66;246;408;539;570;697;749;777;822
5041,59,177,blocking,0,0,863
5042,326,481,blocking,0,0,279;438
5043,167,433,blocking,0,0,408;777
5044,60,112,blocking,0,0,22;423;456
5045,60,436,blocking,0,0,500;941
5046,128,402,aligned,0,1,810;880
5047,289,169,blocking,0,0,1;423;456;941
5048,116,360,blocking,0,0,559
5050,33,254,blocking,0,0,462
5051,54,465,blocking,1,0,425;462
5054,356,314,blocking,0,0,915
5056,100,103,blocking,0,0,674;834
5057,248,262,blocking,0,0,669
5060,224,448,blocking,0,0,611
5062,191,463,blocking,0,0,964
